Accident_ID,Date_Time,Latitude,Longitude,Severity,Weather_Condition,Road_Type,Vehicle_Type
ACC0001,2023-11-13 07:50:04,11.925776,76.339349,Minor,Foggy,Urban,Car
ACC0002,2024-10-01 07:12:56,11.616621,76.953466,Severe,Clear,Urban,Bike
ACC0003,2023-07-02 09:49:19,10.458114,74.768419,Minor,Rainy,Rural,Car
ACC0004,2024-02-10 09:23:47,11.936447,74.886708,Moderate,Clear,Urban,Car
ACC0005,2023-03-03 14:35:48,10.876408,75.207048,Moderate,Rainy,Highway,Bus
ACC0006,2023-11-03 06:59:54,9.923938,74.982581,Moderate,Rainy,Highway,Bike
ACC0007,2024-01-16 15:16:22,10.31083,77.350838,Minor,Clear,Rural,Car
ACC0008,2023-06-14 02:22:45,8.249448,76.162563,Minor,Rainy,Urban,Truck
ACC0009,2023-03-14 21:55:36,10.374929,76.172323,Severe,Rainy,Highway,Bike
ACC0010,2023-03-25 17:29:48,8.158217,75.469436,Minor,Clear,Highway,Car
ACC0011,2024-10-03 22:35:47,9.162021,75.230401,Minor,Rainy,Highway,Bike
ACC0012,2024-04-20 08:02:19,11.491393,75.516199,Minor,Clear,Urban,Car
ACC0013,2023-12-06 16:13:57,11.934791,75.557588,Moderate,Clear,Rural,Car
ACC0014,2024-02-09 17:39:35,8.368723,75.087941,Severe,Foggy,Highway,Truck
ACC0015,2023-05-29 04:17:36,11.160794,76.476705,Severe,Clear,Urban,Car
ACC0016,2023-07-28 09:34:42,12.497573,76.906821,Moderate,Clear,Highway,Car
ACC0017,2024-01-20 18:36:36,11.403395,76.118985,Minor,Clear,Highway,Car
ACC0018,2023-04-30 21:22:58,11.608217,75.899124,Minor,Clear,Rural,Bike
ACC0019,2025-02-19 17:49:13,10.193187,76.375275,Severe,Clear,Urban,Car
ACC0020,2024-05-17 08:27:10,8.146118,76.730059,Moderate,Clear,Rural,Car
ACC0021,2024-06-06 18:49:22,9.675382,75.263991,Minor,Clear,Rural,Car
ACC0022,2023-06-09 09:32:07,10.816285,74.663528,Moderate,Clear,Urban,Bike
ACC0023,2023-12-05 17:44:01,9.434678,76.280489,Minor,Clear,Rural,Car
ACC0024,2024-01-07 14:45:05,9.337464,74.90688,Minor,Clear,Urban,Bike
ACC0025,2024-03-11 22:10:21,8.701332,75.230328,Moderate,Clear,Highway,Bike
ACC0026,2023-06-19 00:33:10,10.926148,74.771257,Severe,Clear,Highway,Car
ACC0027,2024-01-28 08:41:53,8.554933,75.702911,Minor,Rainy,Rural,Car
ACC0028,2025-01-10 19:46:25,8.681347,76.895361,Moderate,Clear,Highway,Car
ACC0029,2023-03-15 07:49:37,12.436704,76.842046,Minor,Clear,Rural,Bike
ACC0030,2023-05-22 17:41:57,11.794152,76.432639,Moderate,Rainy,Rural,Truck
ACC0031,2025-01-21 09:41:18,11.332293,76.770781,Moderate,Clear,Urban,Bike
ACC0032,2024-04-30 09:18:38,8.782898,75.512431,Minor,Clear,Urban,Bike
ACC0033,2024-05-02 10:46:13,8.969583,74.861445,Moderate,Clear,Rural,Bus
ACC0034,2024-01-15 03:53:05,8.438195,75.409197,Moderate,Clear,Rural,Car
ACC0035,2024-03-26 04:33:43,10.937277,75.266999,Minor,Rainy,Highway,Bus
ACC0036,2024-01-26 05:26:00,11.211233,75.122534,Minor,Rainy,Urban,Truck
ACC0037,2024-02-23 01:55:22,9.752456,77.355107,Minor,Rainy,Rural,Car
ACC0038,2023-11-06 09:23:33,9.401805,76.848771,Minor,Clear,Urban,Car
ACC0039,2024-11-09 01:26:27,9.653032,76.07784,Moderate,Clear,Urban,Bike
ACC0040,2025-01-14 18:08:32,12.200359,76.670604,Minor,Clear,Highway,Bike
ACC0041,2024-10-09 03:00:19,9.617407,74.744422,Minor,Foggy,Urban,Car
ACC0042,2023-03-15 08:48:24,11.227317,76.114284,Minor,Clear,Urban,Car
ACC0043,2024-03-26 17:03:29,10.991681,74.815659,Moderate,Clear,Rural,Bus
ACC0044,2024-01-21 16:28:10,11.14039,75.304751,Severe,Clear,Highway,Car
ACC0045,2024-08-23 13:47:25,10.432487,75.874614,Severe,Clear,Highway,Car
ACC0046,2023-06-15 18:12:30,10.049595,76.246434,Minor,Clear,Urban,Bus
ACC0047,2024-10-16 10:08:22,12.209854,77.236623,Minor,Clear,Urban,Bus
ACC0048,2024-04-11 22:42:53,10.702406,76.090157,Minor,Clear,Urban,Bike
ACC0049,2023-07-19 04:44:38,9.258951,76.194858,Minor,Clear,Urban,Bike
ACC0050,2024-08-03 23:47:45,10.241852,75.488591,Minor,Rainy,Urban,Bus
ACC0051,2023-11-11 17:19:15,8.26893,77.165798,Minor,Clear,Urban,Truck
ACC0052,2023-08-07 08:43:59,11.854574,75.688163,Minor,Clear,Highway,Truck
ACC0053,2023-09-16 13:31:05,12.447668,75.895833,Minor,Clear,Urban,Car
ACC0054,2023-12-30 22:07:24,9.207292,76.272414,Moderate,Rainy,Rural,Bike
ACC0055,2023-07-27 13:58:19,10.487168,74.844226,Minor,Clear,Highway,Car
ACC0056,2023-08-12 12:50:13,10.678746,76.117581,Severe,Clear,Highway,Bike
ACC0057,2023-09-27 15:06:57,9.936544,75.460896,Severe,Clear,Urban,Car
ACC0058,2024-06-06 08:33:48,9.193528,76.558273,Severe,Clear,Rural,Car
ACC0059,2023-06-20 04:58:58,12.259694,76.678911,Minor,Clear,Urban,Bike
ACC0060,2023-07-22 07:35:36,10.799041,76.120238,Moderate,Rainy,Urban,Car
ACC0061,2024-08-13 00:46:05,8.505737,75.305515,Minor,Rainy,Highway,Car
ACC0062,2024-04-08 08:06:45,9.071942,75.666024,Minor,Rainy,Urban,Car
ACC0063,2023-04-26 03:28:29,10.734585,77.450162,Moderate,Clear,Urban,Car
ACC0064,2023-05-09 05:12:22,9.569917,77.269506,Minor,Rainy,Highway,Car
ACC0065,2024-07-06 16:12:30,11.272233,77.442284,Minor,Clear,Highway,Bike
ACC0066,2023-07-25 17:12:36,12.493524,74.574452,Moderate,Clear,Rural,Bike
ACC0067,2024-04-28 20:23:05,8.040942,74.726237,Minor,Clear,Rural,Car
ACC0068,2023-08-06 06:57:05,11.622351,77.401984,Minor,Clear,Highway,Bike
ACC0069,2024-10-19 03:17:09,9.989298,75.502314,Minor,Clear,Highway,Bike
ACC0070,2024-11-22 11:26:16,8.238212,76.764798,Severe,Clear,Highway,Car
ACC0071,2023-12-09 05:04:03,9.602873,76.591039,Minor,Clear,Urban,Bike
ACC0072,2023-07-05 08:13:55,11.965661,74.733637,Moderate,Rainy,Highway,Car
ACC0073,2024-01-31 05:24:18,12.238575,76.71869,Minor,Clear,Urban,Car
ACC0074,2023-11-22 08:25:12,11.557311,75.861876,Minor,Clear,Rural,Bike
ACC0075,2024-03-11 18:13:11,9.133992,77.262269,Minor,Clear,Urban,Car
ACC0076,2024-05-17 14:56:33,8.525366,74.887195,Minor,Rainy,Highway,Bus
ACC0077,2024-11-04 13:44:36,8.163533,74.805542,Moderate,Clear,Highway,Bike
ACC0078,2023-08-13 12:47:37,9.828649,75.955219,Minor,Rainy,Highway,Bus
ACC0079,2023-05-15 11:41:49,11.147875,75.736053,Minor,Clear,Urban,Bike
ACC0080,2023-10-31 19:30:54,9.151426,75.72123,Moderate,Clear,Urban,Bike
ACC0081,2024-12-27 09:10:14,9.18386,76.673159,Minor,Rainy,Urban,Car
ACC0082,2023-05-26 01:40:23,9.930135,76.256684,Minor,Clear,Highway,Bike
ACC0083,2025-01-31 05:55:00,11.63761,75.664175,Moderate,Clear,Highway,Truck
ACC0084,2024-08-28 19:00:29,9.256149,76.439095,Moderate,Clear,Rural,Bike
ACC0085,2024-07-21 06:12:23,11.935138,74.6303,Minor,Rainy,Urban,Car
ACC0086,2024-08-05 03:16:57,9.80397,75.39218,Moderate,Clear,Urban,Bus
ACC0087,2024-07-08 00:41:29,9.277452,75.946874,Moderate,Clear,Urban,Car
ACC0088,2023-12-06 18:55:38,8.017613,75.181623,Minor,Rainy,Urban,Car
ACC0089,2025-02-28 18:59:39,9.526568,75.994596,Minor,Clear,Highway,Car
ACC0090,2024-06-03 09:47:46,9.038306,75.373589,Moderate,Clear,Rural,Car
ACC0091,2023-07-30 06:25:21,9.518116,74.769103,Severe,Rainy,Urban,Car
ACC0092,2024-09-13 21:23:55,8.72443,76.189493,Severe,Clear,Highway,Truck
ACC0093,2023-04-11 17:18:08,10.565842,77.085531,Minor,Foggy,Urban,Car
ACC0094,2024-09-28 23:56:04,9.293311,76.173638,Minor,Clear,Highway,Car
ACC0095,2024-06-15 15:54:33,12.496433,75.36054,Minor,Clear,Highway,Car
ACC0096,2023-10-13 14:28:57,12.387892,75.196869,Moderate,Clear,Highway,Bus
ACC0097,2023-05-03 07:21:11,9.934241,75.361773,Moderate,Clear,Rural,Car
ACC0098,2023-10-06 19:38:20,10.264101,75.447807,Moderate,Rainy,Rural,Bus
ACC0099,2024-11-29 16:33:38,11.716497,75.410512,Minor,Clear,Urban,Car
ACC0100,2023-10-14 22:47:44,8.4412,76.080451,Minor,Clear,Highway,Car
ACC0101,2024-11-11 01:30:16,11.327636,75.778955,Minor,Clear,Urban,Car
ACC0102,2023-09-10 08:19:47,10.147159,74.892643,Minor,Rainy,Rural,Bike
ACC0103,2023-12-25 02:09:33,12.3886,77.397311,Minor,Rainy,Highway,Car
ACC0104,2024-08-15 10:52:07,12.19195,74.767029,Minor,Rainy,Rural,Car
ACC0105,2023-11-21 19:58:10,8.717277,77.404067,Severe,Clear,Highway,Car
ACC0106,2025-02-02 21:50:30,9.873282,75.846554,Minor,Clear,Highway,Truck
ACC0107,2023-05-28 21:50:48,8.482611,76.024506,Moderate,Foggy,Urban,Car
ACC0108,2023-12-27 17:24:18,11.665543,75.201768,Minor,Rainy,Highway,Car
ACC0109,2024-02-11 09:12:34,9.923784,76.698515,Minor,Clear,Highway,Car
ACC0110,2023-07-28 17:53:39,11.16879,74.589372,Minor,Clear,Urban,Bus
ACC0111,2024-11-25 08:13:37,8.478253,77.025951,Minor,Clear,Urban,Car
ACC0112,2024-11-10 15:13:33,10.17531,74.834908,Minor,Rainy,Urban,Car
ACC0113,2023-10-26 10:07:27,10.829929,76.788544,Moderate,Clear,Highway,Bus
ACC0114,2024-08-21 19:29:20,8.313608,74.674653,Severe,Clear,Highway,Bike
ACC0115,2023-09-17 10:43:39,8.44493,76.936539,Moderate,Clear,Rural,Bus
ACC0116,2024-12-17 04:08:03,10.921193,76.594212,Moderate,Clear,Highway,Car
ACC0117,2023-09-11 09:18:48,10.138269,75.451778,Moderate,Clear,Highway,Bus
ACC0118,2024-05-30 16:47:19,8.325752,75.371105,Moderate,Clear,Urban,Truck
ACC0119,2024-12-04 14:16:31,12.087644,74.779321,Minor,Rainy,Urban,Car
ACC0120,2023-04-17 18:42:48,10.39103,75.699159,Severe,Clear,Highway,Car
ACC0121,2024-07-06 16:32:44,10.972114,75.912449,Minor,Clear,Highway,Car
ACC0122,2023-07-25 04:10:28,11.369025,76.983775,Moderate,Clear,Highway,Bike
ACC0123,2024-06-25 21:45:08,11.791405,75.409625,Minor,Clear,Highway,Car
ACC0124,2023-11-18 22:14:00,9.07977,74.750137,Severe,Clear,Urban,Truck
ACC0125,2023-03-30 19:46:00,8.174598,75.060318,Moderate,Rainy,Highway,Car
ACC0126,2024-03-11 04:36:54,9.0856,75.124695,Minor,Rainy,Highway,Car
ACC0127,2024-03-28 03:20:15,9.086074,74.735609,Minor,Rainy,Urban,Bus
ACC0128,2024-11-25 22:08:12,10.717114,75.980025,Minor,Foggy,Highway,Car
ACC0129,2023-05-17 10:09:35,10.636002,76.260304,Minor,Rainy,Highway,Car
ACC0130,2023-10-02 04:19:24,11.527873,75.684422,Moderate,Clear,Rural,Car
ACC0131,2023-03-29 12:48:13,8.923342,75.961248,Moderate,Clear,Rural,Car
ACC0132,2024-02-09 02:49:15,11.611953,75.240896,Moderate,Rainy,Rural,Bike
ACC0133,2025-02-21 10:13:28,8.589566,76.302872,Minor,Clear,Highway,Car
ACC0134,2024-09-13 19:27:22,10.804276,74.723285,Minor,Clear,Urban,Bike
ACC0135,2023-04-04 04:16:38,9.510242,76.79532,Minor,Clear,Urban,Car
ACC0136,2023-12-29 10:58:21,9.394312,74.757383,Minor,Rainy,Urban,Car
ACC0137,2023-04-16 19:36:28,8.196474,75.209899,Moderate,Clear,Highway,Truck
ACC0138,2023-06-02 06:19:14,8.30146,74.584574,Minor,Rainy,Urban,Bike
ACC0139,2025-01-05 21:49:42,8.860748,76.051354,Severe,Rainy,Highway,Bike
ACC0140,2024-07-21 05:44:39,10.403163,77.138388,Minor,Clear,Highway,Car
ACC0141,2024-02-04 19:42:17,9.272003,75.882606,Moderate,Clear,Urban,Bike
ACC0142,2023-07-15 16:08:30,11.010741,74.87885,Severe,Clear,Urban,Car
ACC0143,2023-06-14 21:34:14,11.392162,75.157178,Minor,Clear,Urban,Car
ACC0144,2025-02-09 22:53:33,9.216569,76.968281,Minor,Clear,Highway,Bike
ACC0145,2024-11-29 12:25:17,10.831486,76.597939,Moderate,Clear,Rural,Car
ACC0146,2023-05-05 18:23:12,11.680328,75.538798,Moderate,Clear,Highway,Truck
ACC0147,2023-12-04 07:17:43,9.78998,75.474116,Severe,Clear,Highway,Car
ACC0148,2024-10-03 02:02:46,8.791027,74.934798,Minor,Rainy,Highway,Bike
ACC0149,2024-10-03 13:47:38,11.98977,75.289109,Minor,Clear,Highway,Bike
ACC0150,2024-02-07 07:38:09,8.372322,77.24525,Minor,Clear,Urban,Bike
ACC0151,2024-05-02 00:38:23,12.061402,77.116483,Minor,Rainy,Urban,Car
ACC0152,2024-05-18 09:16:51,8.050997,76.145903,Severe,Clear,Urban,Truck
ACC0153,2023-08-15 18:28:08,10.458757,76.20843,Minor,Clear,Highway,Bike
ACC0154,2023-06-28 18:58:30,9.655328,74.928472,Moderate,Clear,Urban,Truck
ACC0155,2025-01-10 14:47:06,10.699486,76.586232,Moderate,Clear,Urban,Bike
ACC0156,2024-05-23 17:03:28,9.980998,76.999629,Severe,Clear,Highway,Car
ACC0157,2023-07-19 23:25:47,12.162396,76.857007,Minor,Rainy,Urban,Car
ACC0158,2024-03-09 12:36:46,8.218532,75.843861,Minor,Rainy,Highway,Car
ACC0159,2023-07-15 09:41:47,8.322793,76.47961,Minor,Rainy,Rural,Bike
ACC0160,2024-06-12 08:12:58,11.964518,76.082488,Moderate,Rainy,Rural,Truck
ACC0161,2024-09-07 04:11:04,12.328392,76.142219,Minor,Clear,Urban,Bus
ACC0162,2024-10-07 10:42:28,12.348016,76.904858,Moderate,Clear,Highway,Bike
ACC0163,2024-03-03 08:49:02,11.212554,75.940056,Minor,Clear,Urban,Bike
ACC0164,2023-09-17 18:19:37,11.008272,77.41788,Moderate,Clear,Highway,Bus
ACC0165,2023-12-08 17:24:27,11.162899,74.704031,Minor,Clear,Urban,Car
ACC0166,2023-04-04 05:31:31,11.877312,77.326556,Minor,Clear,Highway,Car
ACC0167,2023-07-25 18:54:24,10.401276,77.332124,Minor,Clear,Urban,Bike
ACC0168,2023-05-02 18:40:37,10.118532,76.619928,Severe,Clear,Highway,Car
ACC0169,2023-06-03 04:25:56,11.422091,77.454787,Severe,Clear,Rural,Bike
ACC0170,2024-06-07 01:35:42,11.823201,75.940405,Minor,Clear,Urban,Car
ACC0171,2024-12-30 20:01:41,10.84971,74.798489,Moderate,Clear,Highway,Bike
ACC0172,2025-01-04 00:18:06,8.4015,75.792949,Minor,Foggy,Urban,Bike
ACC0173,2023-08-13 19:32:13,12.391419,75.358777,Minor,Clear,Highway,Bus
ACC0174,2023-07-17 04:27:52,8.277236,74.987495,Moderate,Clear,Highway,Car
ACC0175,2025-02-28 11:22:53,9.820338,75.590834,Minor,Clear,Rural,Car
ACC0176,2024-09-18 06:25:03,10.010099,75.262442,Moderate,Clear,Urban,Car
ACC0177,2023-11-05 17:43:31,11.213536,75.088703,Moderate,Clear,Urban,Car
ACC0178,2024-01-10 19:16:43,9.393343,76.491203,Moderate,Clear,Urban,Car
ACC0179,2024-05-23 17:43:00,12.035359,75.13212,Minor,Clear,Highway,Bike
ACC0180,2024-04-23 08:13:49,10.901405,75.518982,Moderate,Clear,Highway,Bike
ACC0181,2024-11-22 09:20:25,9.967166,75.303621,Moderate,Rainy,Rural,Bike
ACC0182,2023-09-23 00:53:18,12.483336,77.036654,Moderate,Clear,Rural,Bike
ACC0183,2023-06-30 16:11:54,11.748528,76.594522,Minor,Clear,Highway,Car
ACC0184,2023-04-07 05:32:12,11.842397,74.920496,Minor,Clear,Highway,Car
ACC0185,2024-11-11 12:18:22,11.224038,75.248874,Moderate,Rainy,Rural,Bus
ACC0186,2023-11-19 21:21:44,9.515815,76.208447,Moderate,Clear,Highway,Bus
ACC0187,2024-06-16 17:07:14,10.442952,76.998681,Minor,Clear,Urban,Truck
ACC0188,2025-02-13 00:53:25,10.526651,75.057801,Minor,Clear,Rural,Bike
ACC0189,2023-03-15 02:30:51,10.471708,76.745083,Moderate,Clear,Urban,Bike
ACC0190,2023-05-29 22:49:13,11.552207,76.670184,Minor,Rainy,Urban,Car
ACC0191,2023-12-17 19:24:46,8.668849,75.868476,Minor,Clear,Highway,Bus
ACC0192,2023-10-30 15:24:24,11.937038,76.815349,Minor,Rainy,Rural,Car
ACC0193,2024-04-04 17:03:29,10.716849,74.815795,Minor,Clear,Rural,Bike
ACC0194,2025-01-24 18:56:32,10.44159,75.199134,Minor,Rainy,Highway,Bike
ACC0195,2023-03-10 19:30:54,9.766645,75.526068,Moderate,Clear,Urban,Car
ACC0196,2024-05-01 22:55:13,11.180234,75.394118,Minor,Clear,Rural,Car
ACC0197,2023-11-04 07:32:47,9.669977,76.660305,Moderate,Rainy,Urban,Car
ACC0198,2024-04-06 17:58:32,8.333793,75.076049,Moderate,Rainy,Rural,Car
ACC0199,2024-09-24 23:07:02,9.040914,76.704552,Minor,Clear,Urban,Car
ACC0200,2023-06-09 21:56:38,8.845566,76.374386,Minor,Clear,Highway,Car
ACC0201,2023-03-08 20:37:21,9.103757,75.845224,Minor,Rainy,Rural,Car
ACC0202,2024-01-08 16:04:11,8.70756,76.571868,Minor,Clear,Rural,Car
ACC0203,2024-01-03 20:38:26,10.198722,76.309666,Minor,Foggy,Urban,Car
ACC0204,2023-12-28 19:44:22,10.506531,77.181918,Severe,Clear,Highway,Car
ACC0205,2024-04-06 13:16:22,8.539496,75.950566,Moderate,Rainy,Highway,Bus
ACC0206,2024-09-11 05:07:58,11.635721,75.069558,Minor,Rainy,Highway,Bus
ACC0207,2025-03-02 12:04:04,10.251613,75.57254,Minor,Clear,Urban,Bus
ACC0208,2024-08-25 19:12:31,10.526101,77.148509,Minor,Clear,Urban,Bike
ACC0209,2023-05-17 22:12:00,8.240456,77.312651,Minor,Clear,Urban,Car
ACC0210,2025-01-29 13:10:42,9.402665,75.418718,Moderate,Clear,Rural,Car
ACC0211,2024-06-19 06:14:32,11.051551,75.743289,Moderate,Clear,Highway,Truck
ACC0212,2023-11-22 13:26:22,9.598803,74.647482,Minor,Clear,Urban,Bike
ACC0213,2024-12-21 15:52:12,9.650384,75.211211,Minor,Clear,Rural,Car
ACC0214,2025-01-05 21:44:12,8.246081,75.722147,Minor,Clear,Urban,Truck
ACC0215,2025-01-01 08:54:10,11.183909,75.888063,Moderate,Clear,Rural,Car
ACC0216,2024-06-14 19:30:05,10.537402,76.049333,Moderate,Clear,Highway,Bike
ACC0217,2024-09-26 09:30:55,12.453815,75.632163,Minor,Clear,Highway,Truck
ACC0218,2024-12-19 09:11:08,11.669096,77.167956,Minor,Clear,Urban,Truck
ACC0219,2024-03-15 06:17:51,8.065404,74.742849,Minor,Rainy,Rural,Truck
ACC0220,2023-04-12 04:21:54,11.781801,76.444095,Minor,Clear,Rural,Car
ACC0221,2024-10-10 21:34:54,11.372824,76.391678,Moderate,Clear,Rural,Bike
ACC0222,2024-04-13 18:43:59,9.290671,75.380897,Minor,Rainy,Urban,Bike
ACC0223,2023-03-11 19:59:32,9.929993,76.456792,Moderate,Clear,Rural,Car
ACC0224,2024-05-23 17:32:15,11.602988,75.861606,Moderate,Clear,Highway,Truck
ACC0225,2023-08-27 18:17:43,11.799811,75.21767,Minor,Clear,Urban,Car
ACC0226,2023-07-24 19:58:59,10.809677,76.459869,Minor,Clear,Rural,Bike
ACC0227,2023-08-07 11:53:52,11.846333,77.288749,Minor,Clear,Highway,Car
ACC0228,2024-07-25 09:30:03,8.160948,76.08468,Moderate,Clear,Rural,Bus
ACC0229,2024-03-18 02:40:34,9.977785,74.701722,Minor,Rainy,Urban,Bus
ACC0230,2024-11-25 02:06:44,8.061379,75.409659,Moderate,Rainy,Highway,Car
ACC0231,2023-07-04 00:47:54,9.041069,74.909113,Minor,Clear,Highway,Car
ACC0232,2024-02-26 07:05:27,12.379151,75.081151,Minor,Clear,Highway,Bus
ACC0233,2023-08-08 08:40:39,12.014335,76.106566,Minor,Clear,Highway,Bike
ACC0234,2024-10-04 08:37:25,10.057537,76.148867,Moderate,Clear,Rural,Car
ACC0235,2024-07-17 19:46:36,9.800699,74.951486,Minor,Rainy,Urban,Car
ACC0236,2024-07-01 16:37:08,9.795992,75.746317,Minor,Clear,Urban,Bike
ACC0237,2023-04-08 02:00:50,9.393017,75.376909,Moderate,Clear,Rural,Bike
ACC0238,2024-04-27 12:14:00,11.058766,76.327087,Moderate,Clear,Urban,Bike
ACC0239,2023-12-21 09:06:11,12.373779,74.612657,Minor,Clear,Urban,Car
ACC0240,2024-08-18 07:39:32,8.427291,76.68455,Minor,Foggy,Highway,Car
ACC0241,2023-11-19 09:12:28,12.492001,77.166528,Minor,Clear,Urban,Car
ACC0242,2024-10-12 09:55:43,12.359674,77.475679,Moderate,Clear,Highway,Car
ACC0243,2024-08-27 08:46:55,11.531255,76.979361,Severe,Rainy,Rural,Car
ACC0244,2023-09-05 13:35:28,9.175603,77.445716,Moderate,Clear,Highway,Bike
ACC0245,2024-09-01 06:18:25,9.053024,74.753164,Minor,Clear,Highway,Truck
ACC0246,2024-12-13 19:08:52,8.082672,75.311565,Moderate,Clear,Urban,Car
ACC0247,2024-05-28 18:09:12,11.527786,75.859785,Moderate,Rainy,Urban,Car
ACC0248,2023-03-19 18:01:49,8.525618,75.319479,Minor,Clear,Rural,Car
ACC0249,2024-02-18 12:41:10,8.430894,77.267717,Minor,Clear,Urban,Car
ACC0250,2024-02-16 11:26:01,11.777336,75.844513,Moderate,Clear,Urban,Bike
ACC0251,2023-10-23 02:30:53,10.053467,77.182274,Minor,Rainy,Rural,Car
ACC0252,2023-10-29 17:45:33,11.717978,75.182898,Minor,Rainy,Highway,Bike
ACC0253,2024-12-01 18:28:24,11.574729,74.796906,Minor,Rainy,Highway,Truck
ACC0254,2023-03-06 23:57:49,11.995367,74.806793,Moderate,Rainy,Highway,Car
ACC0255,2023-08-02 11:53:56,8.507586,76.617647,Severe,Clear,Urban,Car
ACC0256,2024-06-27 17:04:24,9.47497,77.080221,Minor,Clear,Highway,Truck
ACC0257,2023-05-03 09:01:58,9.071383,76.960831,Minor,Clear,Highway,Bike
ACC0258,2024-04-21 08:22:40,9.124815,76.328586,Minor,Clear,Urban,Car
ACC0259,2023-07-17 09:08:49,8.474811,76.549209,Moderate,Foggy,Urban,Car
ACC0260,2024-12-26 20:21:12,9.994941,76.257589,Severe,Clear,Rural,Car
ACC0261,2024-12-08 17:00:51,11.673025,77.464786,Minor,Clear,Rural,Bike
ACC0262,2023-11-08 17:57:35,11.340396,76.811235,Minor,Clear,Rural,Bike
ACC0263,2025-01-04 00:18:01,11.289963,75.22655,Minor,Clear,Highway,Bike
ACC0264,2023-04-14 09:40:03,9.274834,74.500729,Minor,Rainy,Rural,Car
ACC0265,2024-03-10 13:01:37,12.369071,75.620817,Moderate,Clear,Highway,Truck
ACC0266,2024-12-23 04:09:15,8.541219,76.610585,Moderate,Clear,Rural,Car
ACC0267,2024-04-29 18:55:58,9.444209,75.256759,Minor,Rainy,Highway,Truck
ACC0268,2023-06-06 14:51:34,11.204036,75.654876,Minor,Rainy,Rural,Car
ACC0269,2023-05-02 00:40:16,9.693403,75.589567,Minor,Clear,Urban,Car
ACC0270,2024-04-13 15:17:25,10.188762,75.395352,Moderate,Clear,Highway,Bike
ACC0271,2023-07-17 08:24:46,8.030547,74.95883,Minor,Foggy,Highway,Car
ACC0272,2024-03-08 18:57:59,9.641681,77.120174,Minor,Clear,Highway,Car
ACC0273,2023-05-01 18:23:12,9.303122,76.231599,Minor,Clear,Urban,Truck
ACC0274,2023-05-12 19:36:25,9.147893,74.881101,Minor,Clear,Highway,Car
ACC0275,2023-08-01 13:36:28,10.510146,75.638384,Minor,Clear,Highway,Car
ACC0276,2024-04-14 12:57:53,8.734016,75.247611,Minor,Clear,Urban,Truck
ACC0277,2024-06-28 13:58:05,8.02027,75.439828,Minor,Clear,Highway,Car
ACC0278,2023-11-29 18:04:03,8.221187,74.515943,Minor,Clear,Urban,Car
ACC0279,2023-11-21 11:02:36,11.005128,74.621788,Minor,Rainy,Rural,Bike
ACC0280,2024-09-17 17:35:32,12.482399,74.810134,Minor,Clear,Highway,Car
ACC0281,2024-12-11 03:58:57,12.056775,74.60422,Minor,Clear,Urban,Car
ACC0282,2023-11-18 15:51:53,11.669695,75.984263,Minor,Rainy,Urban,Car
ACC0283,2024-12-24 08:16:08,10.739591,75.037889,Minor,Clear,Urban,Bus
ACC0284,2024-01-16 14:11:57,11.025255,77.192586,Minor,Clear,Urban,Car
ACC0285,2023-04-18 03:59:11,11.735867,77.368399,Moderate,Clear,Highway,Car
ACC0286,2023-11-28 03:21:46,8.561139,76.258624,Moderate,Foggy,Urban,Bike
ACC0287,2023-12-26 06:58:17,10.879804,77.08076,Severe,Rainy,Highway,Car
ACC0288,2023-12-16 17:26:51,8.589191,76.588664,Minor,Clear,Highway,Bus
ACC0289,2024-12-24 09:43:20,11.889038,75.893748,Moderate,Clear,Rural,Car
ACC0290,2024-10-30 14:03:07,8.764954,75.506015,Moderate,Clear,Highway,Car
ACC0291,2023-06-07 08:25:52,11.959147,74.635267,Moderate,Rainy,Highway,Car
ACC0292,2024-03-14 22:51:08,10.203668,76.787713,Moderate,Clear,Rural,Car
ACC0293,2024-10-13 04:56:23,8.596718,75.200189,Minor,Clear,Urban,Car
ACC0294,2023-03-10 14:13:06,8.508949,74.968994,Minor,Clear,Urban,Bike
ACC0295,2024-11-04 19:41:10,9.020767,76.226503,Minor,Clear,Highway,Bike
ACC0296,2024-01-08 16:29:30,10.211814,77.426582,Minor,Clear,Highway,Bike
ACC0297,2024-08-25 09:18:18,11.220482,76.864479,Moderate,Clear,Urban,Bus
ACC0298,2024-02-09 22:52:53,12.191908,76.249999,Minor,Clear,Highway,Car
ACC0299,2024-05-25 18:22:43,9.70982,75.845456,Severe,Clear,Urban,Car
ACC0300,2024-02-06 08:59:07,10.568074,76.782114,Minor,Clear,Highway,Car
ACC0301,2024-11-07 08:58:57,9.391707,74.850636,Severe,Clear,Highway,Car
ACC0302,2025-01-03 05:07:24,11.880954,77.384499,Minor,Clear,Highway,Bike
ACC0303,2024-11-28 00:26:52,8.238706,76.128779,Minor,Clear,Highway,Truck
ACC0304,2024-12-02 18:00:15,9.253094,77.189419,Moderate,Rainy,Rural,Truck
ACC0305,2024-10-29 12:57:34,11.79518,75.111328,Moderate,Clear,Urban,Bike
ACC0306,2024-11-08 07:52:29,8.454899,75.426542,Moderate,Foggy,Highway,Car
ACC0307,2024-06-19 08:19:44,12.085171,76.663774,Moderate,Clear,Urban,Car
ACC0308,2025-01-16 19:44:12,8.496843,75.758541,Minor,Clear,Highway,Bike
ACC0309,2024-01-01 08:57:11,8.388911,76.897714,Moderate,Rainy,Rural,Car
ACC0310,2024-06-20 19:23:20,8.626835,74.566817,Moderate,Clear,Urban,Truck
ACC0311,2025-02-17 10:58:58,11.541359,74.849045,Minor,Foggy,Rural,Bus
ACC0312,2024-04-03 01:06:41,8.217781,74.945552,Minor,Clear,Highway,Car
ACC0313,2024-02-14 17:11:54,8.705433,75.779218,Minor,Clear,Urban,Bike
ACC0314,2023-05-10 10:39:24,12.092999,74.554096,Minor,Rainy,Urban,Car
ACC0315,2024-07-10 09:03:52,10.118431,77.134346,Minor,Clear,Rural,Bike
ACC0316,2023-07-30 19:37:15,11.613705,75.620951,Minor,Clear,Rural,Car
ACC0317,2023-08-25 07:20:14,9.825287,76.538656,Minor,Clear,Urban,Bus
ACC0318,2023-07-17 17:08:52,11.077294,76.876134,Minor,Clear,Urban,Car
ACC0319,2024-06-03 17:27:15,9.997947,75.024126,Minor,Clear,Rural,Car
ACC0320,2023-04-10 19:43:04,9.322826,75.147413,Minor,Clear,Highway,Car
ACC0321,2023-07-27 14:54:22,11.491896,76.892627,Minor,Clear,Highway,Bike
ACC0322,2023-09-02 06:44:58,8.039011,77.282551,Minor,Clear,Urban,Car
ACC0323,2024-01-30 03:25:22,11.704709,77.138191,Minor,Clear,Highway,Car
ACC0324,2023-06-08 09:40:46,9.481874,75.770622,Minor,Rainy,Highway,Truck
ACC0325,2024-06-17 13:28:14,10.898119,74.806673,Moderate,Clear,Rural,Bike
ACC0326,2024-03-10 15:31:28,9.554575,75.278832,Minor,Clear,Highway,Bus
ACC0327,2024-01-29 04:44:45,11.64508,76.167115,Severe,Clear,Rural,Car
ACC0328,2024-04-13 19:31:36,10.459815,76.160471,Minor,Clear,Rural,Bike
ACC0329,2024-12-20 00:20:10,11.45585,77.382184,Minor,Clear,Urban,Car
ACC0330,2024-04-09 20:25:15,12.289959,75.955396,Severe,Clear,Rural,Truck
ACC0331,2024-09-15 22:02:37,8.772654,76.461294,Minor,Clear,Highway,Bike
ACC0332,2023-09-09 04:02:06,8.766653,75.999117,Minor,Clear,Highway,Truck
ACC0333,2023-11-22 23:42:10,11.967535,75.68398,Moderate,Clear,Urban,Car
ACC0334,2024-05-19 06:32:43,8.110161,76.872109,Minor,Clear,Highway,Car
ACC0335,2024-12-14 08:07:19,9.870557,75.878487,Minor,Clear,Urban,Bike
ACC0336,2023-06-26 13:12:26,11.885959,76.522175,Minor,Clear,Urban,Bike
ACC0337,2024-07-10 15:34:41,11.809525,74.691599,Minor,Clear,Rural,Bus
ACC0338,2024-03-21 10:01:30,11.270017,77.327808,Moderate,Clear,Urban,Car
ACC0339,2024-12-24 10:10:12,8.688328,76.919208,Minor,Foggy,Highway,Car
ACC0340,2024-08-23 01:42:07,9.917519,75.36266,Minor,Clear,Highway,Bike
ACC0341,2023-12-05 08:56:51,11.422976,75.94217,Severe,Rainy,Urban,Car
ACC0342,2024-04-14 13:27:26,9.625699,75.140089,Minor,Rainy,Urban,Bike
ACC0343,2024-07-06 09:29:27,9.139434,75.246787,Minor,Clear,Highway,Car
ACC0344,2023-03-27 04:46:20,11.808958,75.971339,Minor,Clear,Urban,Car
ACC0345,2024-06-29 09:45:39,11.47215,75.553731,Moderate,Clear,Highway,Car
ACC0346,2023-07-28 01:22:52,8.526703,75.054778,Minor,Clear,Rural,Bike
ACC0347,2024-02-24 07:51:19,9.815969,74.9109,Minor,Clear,Urban,Bike
ACC0348,2024-09-09 18:43:38,12.464072,76.559951,Moderate,Clear,Urban,Car
ACC0349,2024-10-17 09:44:06,9.808784,77.037235,Minor,Clear,Urban,Bike
ACC0350,2025-01-09 19:31:47,9.540195,74.751621,Severe,Clear,Highway,Bus
ACC0351,2024-05-01 18:10:31,9.480526,75.674363,Minor,Clear,Urban,Bike
ACC0352,2024-02-02 03:44:38,9.389535,75.377325,Moderate,Rainy,Highway,Car
ACC0353,2025-02-23 05:24:01,8.085695,76.697364,Severe,Clear,Urban,Car
ACC0354,2024-01-17 21:21:12,8.130485,76.569463,Minor,Clear,Highway,Car
ACC0355,2024-01-22 05:40:29,10.27584,76.951306,Moderate,Clear,Highway,Bike
ACC0356,2024-01-30 00:02:27,10.920863,75.55071,Severe,Clear,Urban,Car
ACC0357,2023-03-31 21:58:10,8.426979,75.499023,Minor,Clear,Urban,Car
ACC0358,2023-08-05 08:14:15,9.602951,74.521818,Minor,Clear,Highway,Car
ACC0359,2024-06-05 19:26:30,11.819561,75.394585,Minor,Clear,Highway,Truck
ACC0360,2023-06-13 04:11:56,8.71157,75.51558,Minor,Clear,Urban,Bus
ACC0361,2024-03-12 11:11:40,8.664858,75.78437,Minor,Clear,Rural,Car
ACC0362,2023-12-19 15:16:24,12.386053,76.311622,Moderate,Clear,Rural,Bus
ACC0363,2023-10-06 10:56:37,11.246701,74.517785,Minor,Rainy,Highway,Car
ACC0364,2023-05-07 00:38:33,8.482855,75.118146,Minor,Rainy,Highway,Bike
ACC0365,2024-01-07 19:43:14,12.339725,74.843636,Minor,Rainy,Highway,Car
ACC0366,2023-11-19 15:12:27,10.505963,75.334146,Minor,Clear,Urban,Bike
ACC0367,2024-05-17 20:33:41,10.528916,75.142766,Minor,Rainy,Highway,Bike
ACC0368,2024-06-14 10:52:24,11.488224,76.910905,Minor,Clear,Urban,Bike
ACC0369,2023-11-20 10:14:00,9.7729,75.295939,Minor,Clear,Urban,Bike
ACC0370,2024-03-04 19:44:42,11.418746,76.820942,Minor,Clear,Highway,Bike
ACC0371,2023-03-21 15:31:49,10.306622,75.875974,Moderate,Clear,Urban,Bike
ACC0372,2024-06-26 09:52:20,11.558479,75.621784,Minor,Clear,Highway,Car
ACC0373,2024-02-06 11:14:33,10.516336,76.096398,Minor,Clear,Highway,Bike
ACC0374,2024-10-17 21:16:56,10.967505,77.243373,Minor,Rainy,Urban,Bike
ACC0375,2024-01-16 18:09:50,11.57659,74.838574,Minor,Clear,Rural,Bike
ACC0376,2025-01-02 14:06:47,9.915001,75.544692,Moderate,Clear,Rural,Car
ACC0377,2024-05-02 12:15:53,11.807536,76.707154,Minor,Clear,Highway,Truck
ACC0378,2023-12-17 18:43:08,8.135091,75.691683,Minor,Foggy,Urban,Bus
ACC0379,2024-04-08 04:49:53,9.417537,76.226649,Severe,Rainy,Highway,Car
ACC0380,2023-06-01 17:38:14,11.836998,76.82465,Minor,Clear,Urban,Car
ACC0381,2024-08-08 03:46:58,8.593147,77.159769,Moderate,Clear,Urban,Car
ACC0382,2023-11-13 12:47:11,11.434783,76.667835,Minor,Clear,Urban,Car
ACC0383,2024-02-20 13:57:44,8.622044,75.697121,Severe,Clear,Urban,Car
ACC0384,2024-03-09 08:53:09,11.159739,76.03966,Moderate,Clear,Highway,Truck
ACC0385,2023-06-10 19:55:05,11.564014,75.472941,Moderate,Clear,Highway,Car
ACC0386,2024-04-04 15:04:56,11.228316,77.329895,Minor,Clear,Urban,Car
ACC0387,2023-04-11 02:43:18,10.897523,76.15184,Minor,Clear,Urban,Bus
ACC0388,2023-12-10 22:37:12,11.236301,76.254978,Moderate,Rainy,Highway,Bike
ACC0389,2024-01-28 11:45:51,9.135255,76.260195,Moderate,Clear,Urban,Car
ACC0390,2023-07-29 22:09:57,10.681766,74.594085,Minor,Clear,Urban,Bike
ACC0391,2023-03-10 08:01:01,11.530275,75.056062,Moderate,Rainy,Urban,Car
ACC0392,2024-09-06 10:46:04,9.432147,75.220209,Minor,Clear,Rural,Car
ACC0393,2023-04-27 17:34:28,9.24649,76.104712,Minor,Clear,Highway,Car
ACC0394,2024-02-22 08:42:16,9.232617,75.099619,Minor,Rainy,Urban,Car
ACC0395,2025-01-03 00:30:40,8.512754,76.528425,Moderate,Rainy,Urban,Car
ACC0396,2023-03-11 22:24:46,10.114096,76.163791,Moderate,Clear,Highway,Bus
ACC0397,2024-07-16 04:47:02,10.275136,75.73961,Moderate,Clear,Rural,Bike
ACC0398,2024-11-07 00:45:49,11.153681,77.28042,Minor,Clear,Urban,Bike
ACC0399,2023-05-01 08:50:31,10.684322,75.454457,Minor,Clear,Urban,Bike
ACC0400,2023-03-12 04:03:32,9.31123,76.968209,Minor,Clear,Urban,Car
ACC0401,2023-08-08 18:24:41,8.443418,76.772388,Minor,Clear,Urban,Car
ACC0402,2023-05-14 07:31:59,8.569161,75.743443,Minor,Rainy,Urban,Car
ACC0403,2023-06-06 17:30:59,8.849912,75.305797,Minor,Rainy,Urban,Bike
ACC0404,2024-03-31 20:28:46,11.632364,76.772207,Minor,Foggy,Highway,Car
ACC0405,2023-11-08 13:58:02,9.488577,75.035988,Moderate,Rainy,Urban,Truck
ACC0406,2023-03-25 18:49:25,11.0486,76.775226,Minor,Clear,Rural,Truck
ACC0407,2024-05-29 07:16:46,12.485027,77.1798,Minor,Rainy,Rural,Truck
ACC0408,2024-01-03 15:28:13,10.741867,75.902072,Moderate,Rainy,Rural,Car
ACC0409,2023-09-04 05:15:14,11.008199,76.389762,Minor,Clear,Highway,Car
ACC0410,2023-05-01 14:20:26,9.532948,74.692254,Minor,Rainy,Urban,Bus
ACC0411,2025-01-21 19:03:36,9.574378,76.624972,Minor,Clear,Highway,Bus
ACC0412,2023-06-30 19:58:44,11.264253,75.128983,Moderate,Clear,Urban,Car
ACC0413,2023-09-28 22:05:50,8.936111,75.513132,Moderate,Clear,Urban,Car
ACC0414,2023-07-03 12:56:36,8.950683,76.398031,Severe,Clear,Urban,Bike
ACC0415,2024-10-03 04:24:08,11.427842,74.674892,Severe,Rainy,Rural,Bike
ACC0416,2024-04-10 16:47:10,9.56482,77.129263,Minor,Clear,Urban,Bus
ACC0417,2023-05-30 17:07:57,11.090455,76.060248,Moderate,Clear,Highway,Car
ACC0418,2023-06-15 03:46:01,11.625114,76.874058,Minor,Rainy,Highway,Car
ACC0419,2024-08-20 16:07:14,9.110098,76.585957,Minor,Rainy,Highway,Car
ACC0420,2023-07-15 18:54:38,9.691723,76.104618,Moderate,Rainy,Highway,Car
ACC0421,2023-08-31 04:52:36,11.238626,74.782721,Moderate,Clear,Urban,Bike
ACC0422,2023-09-18 09:22:47,9.780816,75.041068,Moderate,Clear,Highway,Car
ACC0423,2025-01-09 09:48:20,8.24422,76.289892,Minor,Rainy,Highway,Car
ACC0424,2024-06-17 18:47:28,10.88627,76.810394,Minor,Rainy,Highway,Car
ACC0425,2024-09-15 06:31:48,12.42887,74.591018,Severe,Clear,Urban,Car
ACC0426,2024-11-16 18:59:38,9.594107,76.48496,Severe,Clear,Urban,Bike
ACC0427,2024-11-16 17:53:47,10.053386,75.657438,Moderate,Clear,Rural,Car
ACC0428,2024-10-04 06:31:25,8.606221,74.952748,Moderate,Rainy,Highway,Car
ACC0429,2023-07-20 19:59:09,9.710877,77.113816,Moderate,Clear,Urban,Car
ACC0430,2024-04-02 12:03:25,11.65932,77.363913,Severe,Rainy,Urban,Car
ACC0431,2023-04-12 02:07:47,11.97799,75.120959,Severe,Rainy,Rural,Bus
ACC0432,2024-06-25 18:44:57,8.505085,75.37367,Moderate,Rainy,Rural,Bike
ACC0433,2023-07-27 08:06:51,8.448768,75.589973,Minor,Clear,Highway,Car
ACC0434,2024-03-29 07:04:48,10.228929,75.783075,Severe,Clear,Urban,Bike
ACC0435,2025-01-13 04:11:16,9.700858,75.891027,Minor,Clear,Highway,Car
ACC0436,2023-10-22 04:12:47,8.341422,76.594646,Moderate,Clear,Urban,Bike
ACC0437,2024-04-23 04:51:41,10.207914,77.3983,Moderate,Clear,Highway,Car
ACC0438,2024-03-19 23:01:36,9.608674,76.688278,Severe,Clear,Highway,Car
ACC0439,2023-11-07 08:10:08,11.018164,76.307578,Minor,Clear,Highway,Car
ACC0440,2024-06-07 14:17:59,8.483125,74.936886,Minor,Clear,Rural,Car
ACC0441,2024-06-19 22:17:49,10.868745,76.435833,Moderate,Clear,Urban,Bike
ACC0442,2024-05-21 05:14:19,8.325223,76.572103,Minor,Clear,Highway,Bike
ACC0443,2023-07-28 20:39:00,11.711254,75.706469,Minor,Clear,Highway,Car
ACC0444,2023-10-24 19:17:46,11.342697,74.652562,Minor,Clear,Urban,Car
ACC0445,2025-01-30 09:17:57,11.618913,75.041965,Minor,Clear,Urban,Bike
ACC0446,2023-12-09 09:47:17,9.785996,75.288773,Minor,Clear,Highway,Car
ACC0447,2023-05-18 19:08:03,11.47624,75.012835,Minor,Clear,Urban,Bus
ACC0448,2023-08-07 02:57:38,11.317525,76.599139,Minor,Rainy,Highway,Truck
ACC0449,2024-09-28 16:37:25,11.2504,75.071371,Minor,Clear,Highway,Bike
ACC0450,2024-12-03 19:34:18,10.679101,77.116614,Minor,Clear,Highway,Bike
ACC0451,2023-04-30 09:10:44,9.287814,75.09675,Severe,Clear,Urban,Car
ACC0452,2024-08-01 02:16:39,9.447481,74.896485,Minor,Clear,Urban,Bike
ACC0453,2024-09-10 06:52:36,9.292986,74.985687,Minor,Clear,Urban,Bike
ACC0454,2023-03-03 22:59:38,10.887541,76.951778,Minor,Clear,Highway,Car
ACC0455,2024-04-19 18:13:41,8.21383,75.157886,Moderate,Rainy,Urban,Bike
ACC0456,2023-06-10 19:25:21,9.791673,76.239903,Severe,Clear,Urban,Car
ACC0457,2023-09-30 03:16:03,9.408614,76.959604,Minor,Clear,Highway,Car
ACC0458,2023-08-01 19:25:23,12.352459,75.815966,Minor,Rainy,Urban,Bike
ACC0459,2023-12-17 17:35:50,10.393947,76.927104,Moderate,Clear,Urban,Bus
ACC0460,2025-02-28 19:21:15,8.011845,75.852711,Minor,Clear,Highway,Bus
ACC0461,2025-01-14 18:39:57,10.163213,75.996553,Minor,Clear,Highway,Bike
ACC0462,2023-04-15 13:28:09,11.213392,76.707806,Minor,Foggy,Rural,Car
ACC0463,2025-01-09 17:59:35,8.622704,76.744485,Minor,Rainy,Urban,Bike
ACC0464,2025-01-13 11:36:08,9.402999,76.413467,Minor,Clear,Rural,Bike
ACC0465,2023-10-17 18:41:53,11.016438,76.42728,Severe,Rainy,Urban,Car
ACC0466,2023-05-25 14:02:03,12.433715,75.242518,Minor,Clear,Urban,Truck
ACC0467,2024-11-21 08:08:11,10.956793,76.696913,Minor,Rainy,Highway,Bike
ACC0468,2024-02-16 18:07:49,11.701863,75.314077,Minor,Clear,Urban,Bike
ACC0469,2024-01-15 18:59:52,9.846211,74.819678,Severe,Clear,Urban,Car
ACC0470,2023-10-10 09:40:35,10.912001,74.599157,Minor,Clear,Urban,Bike
ACC0471,2024-10-25 08:08:29,11.204132,77.106854,Severe,Clear,Highway,Car
ACC0472,2024-03-03 13:23:03,10.098771,75.41606,Minor,Clear,Highway,Bike
ACC0473,2024-09-09 08:56:35,10.976219,74.596188,Minor,Clear,Rural,Bike
ACC0474,2024-03-16 08:25:03,9.236094,76.445937,Moderate,Rainy,Urban,Truck
ACC0475,2023-08-25 23:50:17,10.586913,75.694019,Minor,Clear,Highway,Bike
ACC0476,2023-09-11 06:21:52,8.2251,74.96583,Moderate,Clear,Highway,Truck
ACC0477,2023-10-06 14:45:51,11.705064,76.541812,Moderate,Rainy,Highway,Bike
ACC0478,2024-06-17 08:27:06,12.06791,76.082691,Moderate,Rainy,Rural,Bus
ACC0479,2023-09-25 02:44:54,8.697238,77.047104,Minor,Rainy,Rural,Bike
ACC0480,2024-10-10 08:13:36,8.888688,77.232394,Minor,Clear,Urban,Car
ACC0481,2024-11-20 17:01:59,8.400183,74.674503,Minor,Rainy,Urban,Car
ACC0482,2023-07-01 05:21:04,8.977508,76.642396,Minor,Clear,Highway,Bike
ACC0483,2024-04-24 17:11:13,12.457394,76.905242,Moderate,Rainy,Rural,Bike
ACC0484,2024-07-26 17:40:12,11.342288,75.742925,Minor,Clear,Rural,Car
ACC0485,2024-09-04 22:56:53,10.837345,76.239465,Minor,Clear,Highway,Bike
ACC0486,2024-08-12 02:57:33,9.187824,77.343511,Minor,Rainy,Highway,Bike
ACC0487,2024-01-23 08:32:56,10.393598,74.775551,Minor,Foggy,Rural,Bus
ACC0488,2024-02-09 15:32:38,9.023517,74.509365,Minor,Clear,Urban,Bike
ACC0489,2023-06-04 20:44:13,12.223635,74.661695,Minor,Clear,Highway,Car
ACC0490,2024-12-25 19:53:33,10.301464,75.820445,Minor,Clear,Highway,Car
ACC0491,2024-08-16 17:19:10,11.338129,76.770115,Moderate,Clear,Urban,Bike
ACC0492,2024-09-07 02:01:23,10.213058,76.196369,Moderate,Clear,Urban,Car
ACC0493,2023-07-16 08:42:58,12.306463,74.68131,Minor,Clear,Urban,Bus
ACC0494,2025-02-04 22:22:18,9.592576,76.309977,Minor,Rainy,Rural,Bike
ACC0495,2024-06-30 19:45:46,8.150381,76.947463,Minor,Clear,Urban,Bus
ACC0496,2024-03-28 09:16:13,12.03879,77.340124,Minor,Clear,Highway,Car
ACC0497,2024-01-26 17:13:26,10.144809,77.097103,Minor,Clear,Urban,Bike
ACC0498,2024-03-08 20:03:16,12.175145,75.49797,Minor,Clear,Highway,Car
ACC0499,2023-11-30 09:29:09,8.796695,74.58556,Severe,Clear,Urban,Car
ACC0500,2023-03-16 21:22:11,10.942555,76.516702,Minor,Foggy,Rural,Bus
ACC0501,2024-10-14 10:27:18,12.021419,75.374551,Minor,Clear,Rural,Car
ACC0502,2023-10-10 17:25:30,11.438419,76.358054,Minor,Clear,Urban,Truck
ACC0503,2023-12-18 14:19:50,12.066953,75.729543,Minor,Clear,Urban,Bike
ACC0504,2024-07-08 04:16:04,9.161712,74.613242,Minor,Clear,Highway,Bike
ACC0505,2023-08-13 10:12:19,10.266096,77.182164,Severe,Rainy,Urban,Car
ACC0506,2024-04-02 23:54:38,8.911956,75.826462,Minor,Foggy,Urban,Bike
ACC0507,2025-02-03 10:14:30,8.144286,76.336934,Moderate,Clear,Urban,Car
ACC0508,2024-10-23 17:51:31,9.673976,77.041036,Moderate,Clear,Urban,Bike
ACC0509,2023-05-16 18:16:17,12.374432,76.352672,Severe,Clear,Urban,Car
ACC0510,2023-05-15 18:40:34,9.438282,75.002865,Minor,Clear,Urban,Car
ACC0511,2025-02-28 09:38:48,8.461405,76.337778,Minor,Rainy,Highway,Car
ACC0512,2023-07-02 20:55:42,8.328357,76.963378,Minor,Rainy,Urban,Bike
ACC0513,2025-02-16 23:55:40,9.980575,74.869917,Minor,Clear,Rural,Bike
ACC0514,2023-05-11 08:06:25,9.295904,77.245097,Moderate,Clear,Highway,Bus
ACC0515,2023-06-03 20:55:24,11.802867,75.940762,Minor,Clear,Urban,Car
ACC0516,2023-11-15 04:15:59,9.648085,75.80256,Minor,Clear,Rural,Bus
ACC0517,2024-05-14 00:21:58,8.151426,76.523298,Minor,Clear,Rural,Car
ACC0518,2024-12-04 08:08:08,10.140293,75.773189,Moderate,Clear,Urban,Car
ACC0519,2024-03-26 01:01:50,9.849147,76.11575,Minor,Rainy,Highway,Car
ACC0520,2023-07-24 09:30:24,8.613051,76.391203,Minor,Clear,Rural,Car
ACC0521,2024-07-21 21:52:52,11.431941,75.104384,Minor,Clear,Highway,Car
ACC0522,2023-03-31 19:04:51,8.923323,76.865656,Minor,Clear,Urban,Truck
ACC0523,2025-02-01 19:07:06,10.566743,77.219063,Moderate,Clear,Highway,Bike
ACC0524,2023-05-06 09:22:41,11.262932,77.395095,Minor,Clear,Urban,Bike
ACC0525,2024-12-18 14:44:00,9.177888,76.037773,Minor,Rainy,Urban,Bike
ACC0526,2024-02-18 05:18:17,9.885836,74.550764,Minor,Clear,Urban,Car
ACC0527,2024-03-11 12:24:30,8.58393,76.750184,Minor,Rainy,Rural,Car
ACC0528,2024-02-09 21:43:41,12.15096,76.49881,Minor,Rainy,Highway,Car
ACC0529,2023-04-15 18:12:06,10.315158,76.640372,Severe,Clear,Rural,Truck
ACC0530,2023-06-12 08:11:29,9.728874,75.797002,Severe,Clear,Rural,Car
ACC0531,2024-06-10 07:41:20,9.622084,75.791266,Minor,Clear,Rural,Bus
ACC0532,2024-06-12 09:24:07,9.925413,74.795972,Moderate,Clear,Urban,Car
ACC0533,2024-06-29 18:11:53,10.178175,77.434808,Moderate,Clear,Highway,Bus
ACC0534,2024-08-01 21:23:02,9.655933,74.732896,Moderate,Clear,Highway,Car
ACC0535,2024-02-15 07:43:11,9.33896,77.238103,Minor,Clear,Rural,Car
ACC0536,2023-03-27 04:52:32,8.858643,76.158525,Minor,Foggy,Highway,Car
ACC0537,2024-10-31 18:25:00,9.047286,75.974047,Moderate,Rainy,Urban,Car
ACC0538,2023-05-31 11:46:43,11.538653,75.25017,Minor,Clear,Rural,Car
ACC0539,2025-01-06 05:29:56,11.171581,77.215234,Minor,Clear,Rural,Bike
ACC0540,2023-08-30 02:03:00,11.101534,74.82065,Moderate,Clear,Highway,Bike
ACC0541,2024-09-01 19:37:37,10.852006,77.140394,Moderate,Foggy,Rural,Car
ACC0542,2023-03-28 19:56:27,9.648139,76.304646,Moderate,Clear,Rural,Bike
ACC0543,2024-01-21 02:02:42,10.220752,75.035195,Minor,Rainy,Urban,Bike
ACC0544,2023-12-11 11:47:21,11.879378,77.18033,Minor,Clear,Rural,Bus
ACC0545,2024-06-29 20:04:38,10.437591,76.439205,Minor,Clear,Urban,Bike
ACC0546,2024-11-19 07:23:55,10.213151,75.015367,Minor,Clear,Highway,Truck
ACC0547,2024-05-06 09:22:59,10.657653,76.330536,Minor,Rainy,Urban,Car
ACC0548,2024-01-02 18:23:35,11.715522,76.593391,Minor,Clear,Urban,Car
ACC0549,2023-09-12 01:35:09,9.473195,76.842834,Moderate,Clear,Rural,Car
ACC0550,2025-02-14 15:35:58,8.373172,76.425326,Minor,Rainy,Highway,Car
ACC0551,2024-11-21 03:42:35,9.549926,76.581224,Moderate,Rainy,Rural,Car
ACC0552,2024-06-07 12:26:24,11.046869,75.927945,Severe,Rainy,Rural,Bus
ACC0553,2023-07-31 20:29:09,10.066216,75.255365,Minor,Clear,Urban,Bike
ACC0554,2023-03-30 03:08:07,12.101543,74.985138,Minor,Clear,Highway,Bike
ACC0555,2024-09-17 03:49:46,11.78249,76.547935,Minor,Clear,Rural,Car
ACC0556,2023-10-20 03:47:51,11.306186,76.743221,Minor,Clear,Highway,Bike
ACC0557,2024-03-11 09:07:41,11.665492,76.100815,Minor,Clear,Urban,Bike
ACC0558,2025-02-19 11:26:14,10.292672,76.741523,Minor,Clear,Urban,Car
ACC0559,2023-08-26 08:40:22,8.279566,76.799672,Moderate,Rainy,Urban,Car
ACC0560,2024-07-29 18:24:25,8.752096,76.595441,Moderate,Clear,Highway,Bike
ACC0561,2024-07-12 16:44:25,12.235662,76.297356,Severe,Clear,Highway,Bus
ACC0562,2023-05-04 16:11:26,12.014504,74.592349,Moderate,Rainy,Rural,Car
ACC0563,2024-10-15 06:59:20,9.487848,74.770956,Minor,Clear,Highway,Bike
ACC0564,2024-06-23 12:19:08,12.074179,75.728412,Severe,Rainy,Highway,Car
ACC0565,2023-05-21 01:51:18,10.590737,76.250159,Moderate,Clear,Highway,Bus
ACC0566,2024-03-18 18:31:49,8.53037,77.374754,Minor,Clear,Highway,Bike
ACC0567,2023-04-17 16:14:12,12.178349,76.270897,Moderate,Rainy,Highway,Car
ACC0568,2023-08-11 21:45:42,12.394172,77.205515,Minor,Rainy,Urban,Truck
ACC0569,2024-11-13 02:16:51,10.383987,75.465211,Minor,Rainy,Rural,Car
ACC0570,2023-07-24 13:50:36,9.841147,75.262063,Moderate,Rainy,Urban,Bike
ACC0571,2025-01-12 09:35:07,8.871651,75.125151,Moderate,Rainy,Urban,Car
ACC0572,2023-11-16 07:13:53,11.367435,77.106272,Minor,Rainy,Highway,Car
ACC0573,2024-12-18 19:51:56,12.180844,77.12289,Minor,Clear,Highway,Car
ACC0574,2024-07-27 06:15:19,12.330312,76.460809,Moderate,Clear,Highway,Bike
ACC0575,2024-02-05 04:14:36,9.369655,76.547479,Moderate,Clear,Rural,Bike
ACC0576,2024-02-16 13:42:00,9.887928,75.955166,Minor,Clear,Highway,Bike
ACC0577,2023-04-30 02:24:49,12.426391,75.677335,Minor,Clear,Rural,Car
ACC0578,2023-12-14 06:59:51,10.434241,75.323945,Moderate,Rainy,Urban,Bike
ACC0579,2025-01-22 03:47:12,9.902091,76.454467,Minor,Clear,Urban,Car
ACC0580,2023-07-08 18:23:28,8.330977,75.168245,Moderate,Clear,Urban,Bike
ACC0581,2024-02-12 22:05:24,8.06691,75.558632,Minor,Rainy,Highway,Car
ACC0582,2024-11-24 17:44:17,9.388549,77.47568,Minor,Clear,Highway,Bus
ACC0583,2024-07-20 20:55:11,8.146071,76.733671,Minor,Clear,Highway,Car
ACC0584,2024-02-26 18:47:04,11.747488,75.478961,Moderate,Clear,Urban,Car
ACC0585,2024-08-20 13:49:49,12.040475,75.227732,Minor,Foggy,Urban,Car
ACC0586,2023-10-17 22:57:00,8.426918,77.490547,Minor,Rainy,Highway,Bike
ACC0587,2023-08-18 03:32:03,10.487737,74.575045,Moderate,Clear,Urban,Bus
ACC0588,2024-09-12 02:23:10,8.652998,75.976235,Minor,Clear,Highway,Bike
ACC0589,2024-08-07 08:39:18,8.083058,76.995664,Minor,Clear,Highway,Bike
ACC0590,2023-07-04 19:51:28,9.28192,76.757419,Minor,Clear,Urban,Car
ACC0591,2024-02-15 17:20:52,12.395754,76.71925,Minor,Clear,Urban,Car
ACC0592,2023-11-25 22:01:58,12.49836,75.987201,Moderate,Clear,Rural,Car
ACC0593,2025-01-09 10:15:19,11.573732,75.107403,Severe,Clear,Rural,Bike
ACC0594,2024-02-04 12:41:57,8.98996,74.526444,Moderate,Clear,Urban,Car
ACC0595,2024-11-25 15:10:00,8.780179,75.52263,Minor,Clear,Urban,Car
ACC0596,2023-08-17 19:05:31,8.300587,77.327031,Severe,Clear,Highway,Car
ACC0597,2024-03-27 13:01:51,10.899646,76.772529,Minor,Rainy,Urban,Bike
ACC0598,2024-09-09 20:44:52,8.90765,75.789236,Minor,Clear,Rural,Car
ACC0599,2023-06-05 11:37:24,8.115345,77.274242,Moderate,Clear,Highway,Car
ACC0600,2024-11-12 19:52:49,10.28011,77.399228,Minor,Rainy,Urban,Car
ACC0601,2024-09-06 16:00:31,11.908827,75.37473,Minor,Rainy,Urban,Bus
ACC0602,2024-08-25 22:13:30,10.254362,75.624894,Moderate,Rainy,Highway,Bike
ACC0603,2024-08-17 11:31:35,11.663301,76.318329,Severe,Clear,Highway,Bike
ACC0604,2023-08-10 09:56:17,8.174082,76.760512,Minor,Clear,Highway,Bike
ACC0605,2024-11-24 05:11:33,12.095998,75.41233,Minor,Clear,Highway,Truck
ACC0606,2024-06-11 19:28:34,9.74281,76.300608,Minor,Clear,Highway,Car
ACC0607,2023-07-18 15:57:44,8.413532,77.003363,Minor,Clear,Highway,Car
ACC0608,2023-08-16 17:18:06,9.405827,76.04315,Minor,Rainy,Urban,Bike
ACC0609,2024-05-03 00:43:22,9.865344,77.026498,Minor,Clear,Urban,Car
ACC0610,2025-01-23 20:17:50,8.345273,74.819165,Minor,Clear,Highway,Bike
ACC0611,2023-03-06 06:17:30,8.114172,76.750451,Minor,Rainy,Urban,Bike
ACC0612,2023-04-30 16:19:54,9.335229,76.253866,Minor,Foggy,Highway,Bike
ACC0613,2024-02-04 16:35:31,8.013332,75.228404,Minor,Foggy,Rural,Truck
ACC0614,2024-03-10 15:58:34,12.076444,77.445054,Minor,Clear,Urban,Car
ACC0615,2023-05-01 08:18:27,12.165833,74.987962,Minor,Rainy,Urban,Car
ACC0616,2023-05-06 12:01:10,12.011548,74.997634,Minor,Clear,Urban,Car
ACC0617,2023-09-09 19:21:42,9.109778,76.505082,Moderate,Clear,Rural,Bike
ACC0618,2024-12-17 01:57:35,11.11676,76.276571,Moderate,Clear,Highway,Car
ACC0619,2023-08-04 08:26:57,11.915248,76.535179,Moderate,Clear,Rural,Car
ACC0620,2023-04-05 16:31:07,12.170184,76.595971,Minor,Clear,Urban,Car
ACC0621,2023-09-24 06:30:10,12.268953,76.424471,Moderate,Clear,Highway,Bike
ACC0622,2024-08-08 10:49:56,9.141513,77.124931,Severe,Clear,Rural,Car
ACC0623,2023-11-21 22:49:22,8.189026,77.220618,Minor,Clear,Urban,Car
ACC0624,2024-05-24 02:05:06,8.069671,75.318751,Minor,Clear,Urban,Bike
ACC0625,2023-05-11 22:21:29,9.145821,77.272444,Moderate,Clear,Urban,Truck
ACC0626,2023-11-10 11:33:38,11.208627,74.620834,Minor,Clear,Highway,Car
ACC0627,2023-06-27 09:32:04,11.6103,77.46461,Minor,Clear,Rural,Car
ACC0628,2023-07-13 12:30:06,8.40039,77.083748,Moderate,Clear,Highway,Car
ACC0629,2024-03-28 19:37:01,10.395565,75.303,Severe,Clear,Highway,Car
ACC0630,2025-01-02 04:35:18,9.232291,74.89397,Moderate,Foggy,Highway,Car
ACC0631,2023-11-23 06:22:53,9.764133,77.214789,Minor,Clear,Urban,Truck
ACC0632,2023-06-28 14:13:45,8.951301,76.109887,Severe,Clear,Highway,Car
ACC0633,2024-09-24 23:15:19,8.207203,75.559073,Severe,Clear,Urban,Bike
ACC0634,2023-11-02 08:49:32,10.337494,75.900433,Moderate,Foggy,Urban,Car
ACC0635,2023-08-01 15:56:31,12.209955,77.349697,Minor,Foggy,Highway,Bike
ACC0636,2025-02-12 08:42:52,11.75991,75.697425,Minor,Rainy,Urban,Car
ACC0637,2023-12-12 19:05:05,9.720468,75.840959,Minor,Clear,Highway,Bike
ACC0638,2023-04-17 09:27:48,8.920049,74.752877,Moderate,Clear,Highway,Car
ACC0639,2023-11-09 14:40:20,8.729101,76.718573,Minor,Clear,Urban,Car
ACC0640,2025-01-17 13:49:44,12.316089,74.715626,Minor,Rainy,Highway,Car
ACC0641,2024-09-04 19:13:16,8.939356,75.957462,Minor,Rainy,Urban,Truck
ACC0642,2023-03-28 11:41:41,10.495307,76.300656,Severe,Clear,Highway,Bike
ACC0643,2024-06-25 21:52:38,10.62725,76.513911,Severe,Clear,Urban,Car
ACC0644,2024-11-18 07:57:43,9.582357,74.688627,Moderate,Clear,Urban,Bike
ACC0645,2024-01-11 14:23:46,10.30595,76.362895,Moderate,Rainy,Rural,Car
ACC0646,2023-08-31 01:55:24,8.53952,77.234546,Severe,Clear,Highway,Car
ACC0647,2024-08-12 15:44:26,8.256057,74.657477,Minor,Rainy,Highway,Car
ACC0648,2024-03-13 09:22:05,11.134462,75.313451,Minor,Rainy,Highway,Bike
ACC0649,2024-02-01 19:26:48,10.959172,77.004006,Minor,Clear,Urban,Car
ACC0650,2024-09-04 04:34:05,9.039349,77.122756,Minor,Clear,Highway,Bike
ACC0651,2023-05-25 02:20:26,9.624948,77.056643,Minor,Rainy,Rural,Truck
ACC0652,2023-08-22 19:29:20,8.111941,75.630507,Moderate,Clear,Highway,Car
ACC0653,2024-03-16 06:54:29,11.270307,77.184732,Moderate,Clear,Rural,Car
ACC0654,2023-07-31 09:57:15,10.535227,74.841287,Minor,Clear,Highway,Bike
ACC0655,2023-08-14 15:49:45,8.66314,76.58268,Moderate,Clear,Highway,Car
ACC0656,2023-07-28 06:49:14,10.757249,75.17674,Severe,Clear,Highway,Bus
ACC0657,2024-03-27 18:40:08,8.593265,76.493033,Minor,Clear,Highway,Bike
ACC0658,2024-12-29 09:13:19,9.330196,77.335017,Severe,Clear,Rural,Bike
ACC0659,2023-06-22 18:39:41,8.641503,77.014882,Moderate,Clear,Highway,Bike
ACC0660,2024-04-23 13:48:49,8.059541,76.553425,Minor,Rainy,Urban,Car
ACC0661,2024-02-29 13:13:45,11.718794,75.285788,Moderate,Rainy,Highway,Bike
ACC0662,2024-03-02 01:33:58,10.656404,76.729006,Severe,Rainy,Urban,Bike
ACC0663,2024-06-17 14:50:00,8.519424,75.813792,Moderate,Clear,Urban,Car
ACC0664,2024-02-09 22:14:50,10.94136,74.556617,Minor,Rainy,Rural,Car
ACC0665,2023-03-12 08:41:17,8.078607,75.077119,Moderate,Rainy,Highway,Bike
ACC0666,2024-04-07 18:48:25,8.985411,76.233289,Minor,Clear,Highway,Car
ACC0667,2024-03-22 17:34:28,11.186051,77.105388,Minor,Clear,Highway,Car
ACC0668,2024-02-22 12:00:23,9.409957,76.294423,Minor,Foggy,Highway,Bike
ACC0669,2023-05-19 18:44:21,10.85358,74.880165,Moderate,Clear,Urban,Bus
ACC0670,2023-06-10 23:07:17,11.756612,74.660047,Moderate,Clear,Urban,Bus
ACC0671,2023-03-11 16:09:25,9.875189,74.718287,Minor,Clear,Highway,Truck
ACC0672,2023-04-20 19:57:11,10.386114,76.612257,Minor,Rainy,Urban,Bus
ACC0673,2023-09-27 19:32:03,11.079029,75.609784,Minor,Clear,Rural,Car
ACC0674,2024-01-01 22:00:53,11.99108,75.778694,Minor,Rainy,Highway,Car
ACC0675,2024-04-15 18:38:02,10.848809,76.162581,Moderate,Clear,Urban,Car
ACC0676,2024-04-20 15:09:31,9.24896,76.06715,Minor,Clear,Highway,Car
ACC0677,2024-04-09 02:12:30,8.6417,76.170156,Minor,Clear,Highway,Truck
ACC0678,2025-01-20 10:12:54,10.902641,77.045717,Minor,Rainy,Highway,Bus
ACC0679,2023-10-28 04:41:51,9.832136,77.463979,Moderate,Clear,Highway,Car
ACC0680,2023-06-12 18:52:10,10.43992,77.167557,Moderate,Clear,Urban,Truck
ACC0681,2023-12-15 12:28:22,12.356712,76.89662,Minor,Clear,Rural,Car
ACC0682,2025-02-14 09:21:20,9.387598,77.15349,Moderate,Clear,Urban,Bus
ACC0683,2023-04-23 20:32:57,9.528079,75.50567,Minor,Clear,Rural,Car
ACC0684,2023-03-16 12:59:02,9.690419,74.923179,Moderate,Rainy,Urban,Car
ACC0685,2023-12-22 17:33:49,10.566737,76.769433,Minor,Rainy,Urban,Bike
ACC0686,2023-12-22 23:19:05,12.055508,74.878308,Minor,Rainy,Rural,Bike
ACC0687,2023-10-04 06:23:54,11.747414,74.864534,Moderate,Clear,Urban,Car
ACC0688,2024-09-05 03:18:03,10.466917,77.359533,Minor,Rainy,Rural,Bike
ACC0689,2024-08-01 06:14:36,11.874187,76.96494,Minor,Rainy,Urban,Car
ACC0690,2024-11-21 16:53:05,11.637641,75.290211,Minor,Clear,Highway,Bike
ACC0691,2025-01-22 18:06:16,8.391651,75.359978,Moderate,Clear,Urban,Truck
ACC0692,2024-05-10 10:13:34,8.490372,75.252195,Moderate,Rainy,Urban,Bike
ACC0693,2025-01-14 00:35:26,11.05421,75.918413,Moderate,Clear,Highway,Bus
ACC0694,2023-03-30 14:17:41,8.588306,75.145214,Moderate,Clear,Rural,Truck
ACC0695,2024-12-13 14:12:35,11.549089,75.554325,Minor,Clear,Highway,Truck
ACC0696,2024-04-12 17:36:24,9.630028,75.152386,Severe,Clear,Highway,Bike
ACC0697,2025-02-21 18:32:24,8.293368,74.649767,Minor,Clear,Urban,Car
ACC0698,2023-04-09 19:15:15,12.18026,77.232255,Moderate,Rainy,Highway,Car
ACC0699,2024-06-03 06:37:27,10.167649,75.701974,Severe,Rainy,Urban,Bike
ACC0700,2024-03-26 18:46:38,9.58594,75.708918,Minor,Rainy,Highway,Bike
ACC0701,2024-05-22 08:01:28,12.003622,76.326063,Severe,Foggy,Highway,Car
ACC0702,2024-07-19 16:20:59,10.833386,76.885422,Moderate,Clear,Urban,Bus
ACC0703,2024-12-23 11:13:48,11.978662,76.744436,Severe,Clear,Urban,Car
ACC0704,2023-12-18 09:02:33,9.639283,74.740949,Moderate,Clear,Urban,Car
ACC0705,2024-01-25 15:37:57,11.402322,74.794357,Minor,Rainy,Highway,Car
ACC0706,2023-07-24 16:19:08,8.20221,75.004272,Minor,Clear,Rural,Bike
ACC0707,2023-10-07 02:06:21,10.506303,76.483354,Minor,Clear,Urban,Car
ACC0708,2023-09-08 18:33:35,8.07152,76.110704,Minor,Clear,Highway,Bike
ACC0709,2024-03-02 09:52:28,11.456333,74.992894,Moderate,Rainy,Highway,Car
ACC0710,2023-03-04 23:52:52,11.699626,76.185552,Minor,Clear,Urban,Car
ACC0711,2023-09-10 11:17:20,11.623616,75.323356,Moderate,Rainy,Rural,Car
ACC0712,2024-07-14 13:48:00,9.397262,77.483293,Minor,Clear,Rural,Car
ACC0713,2024-07-30 20:48:03,8.165078,75.78796,Moderate,Clear,Rural,Bus
ACC0714,2024-05-30 19:46:05,12.249157,76.05186,Minor,Rainy,Rural,Bike
ACC0715,2024-11-18 01:34:16,11.180077,77.17909,Severe,Clear,Urban,Truck
ACC0716,2024-09-17 09:18:07,11.910337,75.08582,Minor,Clear,Highway,Car
ACC0717,2024-06-22 18:48:19,11.169825,76.636575,Minor,Rainy,Urban,Bike
ACC0718,2024-01-07 17:08:44,11.808244,76.510605,Moderate,Clear,Urban,Bike
ACC0719,2023-12-08 08:01:25,12.48742,76.840576,Minor,Clear,Urban,Bus
ACC0720,2023-08-14 05:28:18,8.721729,76.646371,Moderate,Foggy,Highway,Bike
ACC0721,2024-04-07 01:51:07,11.674042,75.165985,Minor,Rainy,Urban,Car
ACC0722,2024-01-06 00:26:35,12.092828,75.065464,Moderate,Clear,Highway,Car
ACC0723,2024-08-25 20:22:57,11.541323,75.88542,Severe,Rainy,Urban,Bus
ACC0724,2024-04-13 07:45:17,9.175071,74.79311,Moderate,Clear,Urban,Bike
ACC0725,2024-03-10 19:50:19,8.137558,77.409674,Severe,Rainy,Highway,Bike
ACC0726,2024-12-23 22:51:14,11.5561,75.721995,Minor,Rainy,Highway,Bike
ACC0727,2024-08-27 15:01:31,12.223079,76.867901,Minor,Clear,Highway,Bike
ACC0728,2023-06-29 07:19:15,9.791194,75.495719,Moderate,Rainy,Rural,Bus
ACC0729,2024-01-10 00:16:33,11.853347,75.971829,Minor,Clear,Highway,Bike
ACC0730,2023-12-22 09:32:19,9.340443,76.18114,Minor,Clear,Highway,Car
ACC0731,2023-05-11 03:16:20,9.33116,74.701084,Moderate,Clear,Highway,Car
ACC0732,2023-12-24 23:12:43,9.809038,77.371951,Severe,Rainy,Highway,Car
ACC0733,2023-10-16 00:28:20,11.248389,77.151677,Moderate,Clear,Highway,Car
ACC0734,2024-09-13 05:22:33,11.304726,76.55875,Minor,Clear,Highway,Bike
ACC0735,2024-11-08 01:13:55,11.854939,76.28084,Minor,Rainy,Rural,Bike
ACC0736,2024-01-24 01:26:47,11.472492,76.053721,Moderate,Rainy,Rural,Car
ACC0737,2025-01-01 17:52:51,9.665261,75.020168,Minor,Clear,Highway,Car
ACC0738,2023-04-19 10:42:15,8.52899,77.033096,Moderate,Clear,Highway,Bike
ACC0739,2024-04-04 19:11:26,8.710221,74.911644,Minor,Rainy,Urban,Bike
ACC0740,2023-07-20 00:23:48,9.997157,75.238297,Moderate,Rainy,Highway,Bus
ACC0741,2023-05-01 00:01:05,8.12746,76.585837,Moderate,Clear,Highway,Car
ACC0742,2023-09-12 05:53:20,9.93094,77.403401,Moderate,Clear,Highway,Car
ACC0743,2024-06-06 11:14:33,8.170029,77.432897,Minor,Rainy,Highway,Truck
ACC0744,2023-11-25 18:53:19,8.360147,75.226989,Moderate,Clear,Rural,Car
ACC0745,2023-08-27 16:04:30,12.406617,77.379503,Minor,Rainy,Rural,Car
ACC0746,2024-01-25 07:22:42,12.094798,77.246776,Minor,Rainy,Urban,Bus
ACC0747,2024-07-08 18:05:02,11.004533,74.57877,Minor,Clear,Highway,Truck
ACC0748,2024-05-09 08:43:14,8.975437,74.646466,Minor,Rainy,Urban,Car
ACC0749,2023-12-23 17:31:52,10.061372,76.87687,Minor,Clear,Urban,Truck
ACC0750,2024-05-29 10:09:52,8.486838,76.42275,Minor,Rainy,Urban,Bike
ACC0751,2023-12-12 00:59:32,9.018369,74.551978,Minor,Clear,Highway,Car
ACC0752,2023-07-23 17:48:17,11.034042,75.704191,Minor,Clear,Rural,Car
ACC0753,2024-06-05 00:38:50,10.145204,77.261417,Moderate,Clear,Urban,Bike
ACC0754,2024-10-15 08:16:06,10.491995,75.539921,Minor,Rainy,Highway,Car
ACC0755,2024-11-05 01:52:45,11.354536,76.40257,Moderate,Clear,Urban,Bus
ACC0756,2024-03-24 19:10:09,12.049781,74.649371,Minor,Clear,Highway,Car
ACC0757,2023-03-22 00:14:59,9.301771,77.049026,Minor,Foggy,Rural,Bike
ACC0758,2024-07-03 21:29:06,12.030124,75.209421,Minor,Rainy,Urban,Bus
ACC0759,2024-10-21 20:10:05,11.705529,74.962793,Minor,Clear,Highway,Bike
ACC0760,2024-02-19 05:23:55,11.580386,76.394933,Minor,Clear,Rural,Bus
ACC0761,2023-07-13 17:27:09,11.620397,76.346526,Minor,Clear,Urban,Bike
ACC0762,2024-06-25 17:02:04,8.703099,77.372582,Moderate,Rainy,Urban,Car
ACC0763,2024-11-20 21:46:38,11.614666,75.145698,Minor,Clear,Urban,Bus
ACC0764,2024-11-26 05:49:32,12.259261,75.239564,Moderate,Clear,Highway,Car
ACC0765,2025-02-07 01:37:37,8.46956,74.725476,Minor,Clear,Rural,Car
ACC0766,2024-07-29 00:25:54,10.181501,74.817337,Minor,Rainy,Urban,Car
ACC0767,2023-07-29 08:18:00,11.162829,76.342131,Minor,Clear,Urban,Car
ACC0768,2024-11-09 22:48:12,9.400366,75.84904,Moderate,Clear,Highway,Bike
ACC0769,2024-03-29 18:32:44,8.587041,76.788059,Minor,Clear,Rural,Bike
ACC0770,2023-07-09 19:51:48,10.775986,76.027007,Severe,Foggy,Urban,Car
ACC0771,2024-07-30 02:46:25,8.457085,75.485056,Minor,Clear,Highway,Car
ACC0772,2024-04-12 14:47:07,10.099793,75.271017,Moderate,Clear,Highway,Car
ACC0773,2023-08-18 19:24:28,8.148084,76.315427,Moderate,Clear,Urban,Car
ACC0774,2024-11-13 21:15:13,11.033103,74.90019,Moderate,Clear,Highway,Bike
ACC0775,2023-12-01 08:56:02,11.503489,76.828418,Minor,Rainy,Urban,Car
ACC0776,2024-06-22 05:22:54,11.705539,77.445182,Minor,Rainy,Highway,Bike
ACC0777,2024-01-26 19:00:09,9.634608,76.331928,Minor,Rainy,Highway,Truck
ACC0778,2023-11-26 11:42:05,9.758377,76.722428,Moderate,Clear,Highway,Car
ACC0779,2025-01-16 23:35:51,9.880353,75.37547,Moderate,Rainy,Highway,Car
ACC0780,2024-03-11 08:42:09,9.846519,77.46517,Minor,Clear,Rural,Car
ACC0781,2024-03-14 06:18:11,9.723124,77.332671,Minor,Clear,Urban,Truck
ACC0782,2024-09-01 18:19:40,9.902916,76.508442,Minor,Rainy,Rural,Bus
ACC0783,2024-02-27 19:15:14,8.055747,75.698186,Minor,Rainy,Rural,Truck
ACC0784,2023-04-22 20:21:07,10.886574,74.704713,Minor,Clear,Urban,Bike
ACC0785,2024-02-27 08:32:51,8.578641,74.774243,Minor,Clear,Rural,Car
ACC0786,2024-05-03 11:18:30,12.379761,75.549993,Moderate,Rainy,Rural,Car
ACC0787,2024-03-03 07:58:27,8.025484,74.65535,Severe,Rainy,Highway,Bike
ACC0788,2023-12-02 22:30:51,9.7711,75.949746,Moderate,Clear,Urban,Car
ACC0789,2024-09-28 18:19:08,10.739099,74.957959,Moderate,Clear,Highway,Bus
ACC0790,2024-05-16 08:34:20,10.555714,74.995973,Severe,Rainy,Rural,Bike
ACC0791,2024-12-08 07:46:38,11.366243,74.774605,Minor,Clear,Urban,Car
ACC0792,2024-10-02 15:35:19,11.068428,76.123204,Severe,Clear,Urban,Car
ACC0793,2024-04-28 19:11:46,11.316895,74.511148,Minor,Clear,Urban,Bike
ACC0794,2024-01-26 18:49:35,8.85404,75.060617,Minor,Clear,Highway,Car
ACC0795,2023-10-27 05:11:35,9.765796,75.702245,Minor,Clear,Rural,Bike
ACC0796,2025-02-01 11:56:28,9.954891,74.951346,Minor,Clear,Rural,Car
ACC0797,2023-05-20 06:57:10,10.9331,75.066275,Minor,Clear,Highway,Car
ACC0798,2023-08-13 19:43:39,12.407075,75.411703,Minor,Clear,Urban,Car
ACC0799,2023-12-27 06:40:25,10.59503,76.978808,Minor,Clear,Urban,Bike
ACC0800,2024-03-05 02:43:49,9.35237,74.94902,Minor,Clear,Urban,Car
ACC0801,2024-10-08 17:04:58,12.455494,76.833375,Minor,Clear,Highway,Car
ACC0802,2023-05-17 04:19:22,11.174762,76.54064,Minor,Clear,Urban,Car
ACC0803,2023-09-19 17:14:53,9.224379,74.764938,Moderate,Rainy,Highway,Car
ACC0804,2023-10-28 12:55:29,9.77046,74.692406,Minor,Rainy,Rural,Car
ACC0805,2024-06-22 19:53:55,8.333777,77.476515,Moderate,Clear,Urban,Bus
ACC0806,2024-01-28 14:38:11,8.840636,76.464716,Minor,Foggy,Urban,Truck
ACC0807,2024-12-27 17:50:41,9.446085,77.468694,Minor,Clear,Urban,Car
ACC0808,2023-05-04 02:49:20,9.913887,76.312216,Minor,Rainy,Urban,Car
ACC0809,2024-08-09 08:17:43,8.05696,74.503611,Moderate,Clear,Highway,Bike
ACC0810,2024-07-29 08:15:29,8.672444,76.240529,Moderate,Rainy,Highway,Car
ACC0811,2024-11-06 08:04:53,12.2563,75.153187,Minor,Clear,Urban,Bike
ACC0812,2024-08-14 07:19:54,10.188916,74.903371,Minor,Clear,Urban,Bike
ACC0813,2023-07-09 10:40:10,9.322266,76.767782,Minor,Clear,Urban,Bike
ACC0814,2023-06-19 10:29:57,9.283216,77.20185,Minor,Clear,Urban,Car
ACC0815,2024-03-19 18:31:30,8.72798,75.607963,Minor,Clear,Highway,Car
ACC0816,2024-12-01 09:27:31,11.7009,75.149472,Minor,Clear,Urban,Truck
ACC0817,2024-06-06 12:07:50,10.874146,75.66298,Minor,Clear,Highway,Bike
ACC0818,2023-12-27 01:54:55,10.509476,75.332127,Minor,Clear,Highway,Bus
ACC0819,2025-02-25 01:16:16,12.029841,77.098701,Moderate,Clear,Highway,Car
ACC0820,2023-05-27 18:09:48,10.921592,74.745112,Minor,Clear,Urban,Bike
ACC0821,2023-10-23 16:19:55,8.907671,75.429317,Minor,Clear,Rural,Bike
ACC0822,2024-05-22 12:07:41,8.129861,74.692586,Minor,Rainy,Highway,Bike
ACC0823,2024-04-08 15:38:20,11.358887,75.71209,Moderate,Rainy,Rural,Car
ACC0824,2024-10-13 00:23:49,8.918329,76.580185,Severe,Clear,Highway,Car
ACC0825,2023-03-26 01:30:17,9.051106,76.707953,Minor,Clear,Urban,Car
ACC0826,2024-01-15 06:07:31,10.409214,77.295349,Minor,Rainy,Highway,Car
ACC0827,2024-02-04 17:33:37,9.710033,77.089911,Moderate,Rainy,Highway,Bus
ACC0828,2023-09-13 17:45:34,11.364995,75.692362,Minor,Clear,Rural,Bike
ACC0829,2024-06-26 17:45:14,9.922414,76.274586,Moderate,Clear,Rural,Bike
ACC0830,2023-03-26 06:44:19,9.755768,75.352408,Moderate,Clear,Urban,Car
ACC0831,2024-09-09 17:34:42,8.814379,76.891777,Minor,Clear,Highway,Car
ACC0832,2023-07-11 10:30:28,8.549384,74.838094,Minor,Rainy,Urban,Car
ACC0833,2024-06-26 05:40:04,12.066856,77.221352,Moderate,Rainy,Rural,Bus
ACC0834,2023-03-12 05:01:23,8.980096,75.4816,Moderate,Clear,Highway,Car
ACC0835,2024-10-11 17:55:20,12.154292,76.744268,Moderate,Clear,Urban,Car
ACC0836,2025-01-14 20:41:29,8.41089,76.750046,Minor,Clear,Highway,Car
ACC0837,2024-11-27 17:54:04,10.954956,77.011023,Minor,Rainy,Highway,Car
ACC0838,2025-01-14 09:50:36,9.889413,76.33985,Moderate,Clear,Urban,Truck
ACC0839,2024-01-19 18:33:42,11.229665,76.333917,Minor,Clear,Urban,Car
ACC0840,2023-05-27 17:04:29,11.430434,75.944067,Moderate,Rainy,Highway,Car
ACC0841,2023-06-26 04:14:16,8.163147,77.452054,Minor,Clear,Highway,Car
ACC0842,2023-03-24 14:04:06,9.861401,77.357262,Moderate,Clear,Urban,Car
ACC0843,2025-01-23 05:39:16,11.133186,74.658474,Moderate,Rainy,Highway,Car
ACC0844,2023-07-12 02:37:52,9.293091,76.277459,Minor,Clear,Highway,Car
ACC0845,2024-05-25 14:14:51,9.921348,76.038052,Minor,Clear,Highway,Bike
ACC0846,2023-03-31 21:43:45,11.440537,74.570507,Minor,Clear,Highway,Car
ACC0847,2023-04-02 19:30:43,10.504808,75.139643,Moderate,Foggy,Urban,Bike
ACC0848,2024-10-02 17:18:08,12.370285,76.858891,Minor,Foggy,Highway,Car
ACC0849,2023-04-08 04:29:32,11.610882,76.511209,Minor,Clear,Highway,Bike
ACC0850,2023-03-03 18:29:26,10.941572,77.053111,Severe,Foggy,Urban,Car
ACC0851,2023-12-27 16:07:20,11.284601,76.093804,Moderate,Clear,Highway,Bike
ACC0852,2024-04-28 17:27:43,10.371334,76.160676,Severe,Clear,Highway,Car
ACC0853,2023-07-20 03:45:24,11.576282,77.388222,Minor,Clear,Highway,Bike
ACC0854,2024-01-04 09:16:42,10.527525,75.734454,Moderate,Clear,Urban,Car
ACC0855,2024-03-10 16:02:14,9.500287,75.515605,Minor,Rainy,Highway,Truck
ACC0856,2023-07-13 18:24:55,11.558693,76.245963,Moderate,Clear,Urban,Car
ACC0857,2023-10-02 00:08:25,10.2492,75.662699,Moderate,Clear,Urban,Bus
ACC0858,2024-07-25 17:13:52,12.227664,75.785692,Minor,Clear,Urban,Bike
ACC0859,2024-03-05 14:24:45,11.678664,76.101162,Minor,Clear,Urban,Bike
ACC0860,2023-09-29 08:41:07,9.28384,75.347877,Moderate,Clear,Urban,Car
ACC0861,2023-05-15 18:52:33,8.971665,77.153414,Minor,Clear,Rural,Bike
ACC0862,2023-10-20 18:58:06,11.180125,77.419782,Moderate,Clear,Rural,Car
ACC0863,2023-05-31 08:31:36,8.897582,74.682308,Minor,Clear,Urban,Bike
ACC0864,2024-05-29 17:00:40,12.167963,76.945023,Minor,Foggy,Urban,Car
ACC0865,2023-11-06 08:02:48,11.275351,75.051217,Minor,Clear,Rural,Car
ACC0866,2024-10-15 21:51:01,8.027579,75.892406,Minor,Rainy,Urban,Car
ACC0867,2025-02-15 09:51:00,12.231054,76.578727,Moderate,Clear,Highway,Truck
ACC0868,2024-10-19 08:51:19,9.659048,74.530271,Moderate,Foggy,Rural,Car
ACC0869,2024-09-05 17:14:31,10.867872,76.718254,Minor,Foggy,Urban,Bus
ACC0870,2023-09-23 04:19:36,10.619546,77.100621,Severe,Clear,Urban,Car
ACC0871,2023-10-25 08:57:33,8.506495,76.539222,Minor,Clear,Highway,Car
ACC0872,2025-01-01 18:34:47,9.645721,76.679071,Minor,Clear,Urban,Truck
ACC0873,2023-04-04 19:39:04,12.103064,75.024518,Moderate,Clear,Urban,Car
ACC0874,2023-12-27 21:39:58,9.481732,74.920968,Minor,Rainy,Highway,Car
ACC0875,2024-12-12 05:53:47,8.746128,74.961964,Moderate,Foggy,Highway,Bike
ACC0876,2025-02-01 09:30:27,10.280097,75.306241,Minor,Rainy,Rural,Car
ACC0877,2023-06-23 18:46:33,9.216883,76.578122,Minor,Clear,Highway,Bus
ACC0878,2024-07-23 20:13:47,11.706154,75.574725,Minor,Rainy,Urban,Car
ACC0879,2025-02-01 18:19:12,11.881255,76.929395,Minor,Rainy,Highway,Truck
ACC0880,2024-01-28 08:44:03,9.928915,76.972609,Moderate,Clear,Urban,Bus
ACC0881,2024-05-07 08:50:06,12.261032,74.596194,Minor,Clear,Highway,Car
ACC0882,2025-02-21 12:35:08,8.883944,76.464434,Moderate,Rainy,Highway,Bike
ACC0883,2024-03-09 21:46:16,9.628099,75.012248,Moderate,Clear,Rural,Bus
ACC0884,2024-09-04 19:07:29,8.122283,75.289664,Moderate,Clear,Highway,Bus
ACC0885,2025-02-01 17:07:38,10.126388,75.52245,Severe,Clear,Urban,Bike
ACC0886,2023-10-11 09:22:47,11.428864,75.288443,Minor,Clear,Highway,Car
ACC0887,2023-06-18 08:41:05,8.560245,77.244635,Minor,Clear,Urban,Bike
ACC0888,2024-12-09 09:52:44,10.416541,77.223888,Minor,Clear,Urban,Bike
ACC0889,2023-11-07 15:23:56,8.987156,76.702655,Moderate,Clear,Highway,Car
ACC0890,2023-10-31 09:21:08,8.502214,75.061435,Minor,Rainy,Highway,Truck
ACC0891,2024-11-18 22:46:13,11.769032,75.591475,Minor,Clear,Urban,Bus
ACC0892,2024-09-18 23:33:16,9.553418,75.057705,Minor,Clear,Urban,Bus
ACC0893,2024-03-13 03:38:18,10.826376,77.021009,Minor,Rainy,Urban,Car
ACC0894,2024-05-04 17:11:09,8.144969,75.887605,Minor,Clear,Rural,Car
ACC0895,2023-12-05 00:07:09,11.527624,77.191612,Minor,Clear,Urban,Bike
ACC0896,2024-05-22 09:22:19,8.209862,75.797043,Moderate,Clear,Urban,Truck
ACC0897,2023-11-08 17:28:35,12.387959,77.386834,Minor,Clear,Highway,Bike
ACC0898,2024-07-24 12:58:38,9.512353,75.009331,Minor,Clear,Urban,Car
ACC0899,2024-12-15 19:46:17,8.951616,75.297239,Minor,Clear,Highway,Car
ACC0900,2023-05-18 12:18:50,11.007067,76.650653,Minor,Foggy,Highway,Bike
ACC0901,2024-08-31 22:29:29,8.755517,75.480461,Minor,Clear,Urban,Car
ACC0902,2023-06-03 04:35:59,9.896029,77.062047,Moderate,Clear,Urban,Car
ACC0903,2024-04-12 04:13:07,11.955779,75.713549,Minor,Clear,Urban,Car
ACC0904,2023-07-04 04:25:13,9.457323,75.159803,Severe,Rainy,Highway,Car
ACC0905,2023-10-10 03:55:37,10.413933,77.006087,Moderate,Clear,Urban,Truck
ACC0906,2023-07-09 21:35:20,9.375918,75.878761,Minor,Clear,Urban,Car
ACC0907,2024-07-18 17:54:56,11.99415,76.199172,Moderate,Clear,Urban,Car
ACC0908,2023-05-28 10:34:37,10.219851,75.387978,Minor,Foggy,Highway,Car
ACC0909,2023-08-27 03:16:00,9.875015,76.731596,Moderate,Clear,Highway,Car
ACC0910,2024-04-01 15:37:39,9.387895,76.538226,Minor,Clear,Urban,Car
ACC0911,2024-10-06 00:17:13,12.055351,75.282505,Moderate,Clear,Highway,Bike
ACC0912,2024-08-25 08:06:17,11.926865,75.392031,Minor,Clear,Highway,Car
ACC0913,2023-08-27 18:12:23,8.739186,77.037944,Moderate,Clear,Rural,Car
ACC0914,2023-06-02 08:17:48,10.060592,76.201494,Moderate,Foggy,Urban,Bike
ACC0915,2024-09-28 09:17:41,8.357622,75.982242,Minor,Rainy,Rural,Bike
ACC0916,2024-08-20 10:01:33,9.646941,75.713558,Minor,Rainy,Urban,Bike
ACC0917,2023-05-03 13:39:38,11.2871,75.732029,Minor,Clear,Urban,Car
ACC0918,2023-05-24 05:33:46,11.454695,77.186714,Minor,Foggy,Urban,Bike
ACC0919,2025-01-26 11:52:05,8.321473,76.678859,Minor,Rainy,Urban,Car
ACC0920,2024-08-26 18:04:01,9.24551,76.644031,Minor,Rainy,Highway,Car
ACC0921,2024-08-06 11:09:21,8.917453,77.208481,Minor,Clear,Highway,Car
ACC0922,2025-02-23 02:21:29,11.460922,75.681799,Moderate,Clear,Highway,Car
ACC0923,2023-08-28 13:38:20,11.680205,75.866832,Moderate,Clear,Highway,Car
ACC0924,2023-05-20 02:12:14,8.295159,76.61524,Minor,Clear,Highway,Bike
ACC0925,2024-11-29 08:34:46,11.387913,76.473335,Minor,Clear,Rural,Car
ACC0926,2023-11-29 01:45:10,10.681737,75.251633,Minor,Clear,Highway,Car
ACC0927,2024-04-30 11:05:01,11.891556,76.584016,Minor,Clear,Highway,Bike
ACC0928,2025-02-12 23:45:18,9.067914,75.812793,Moderate,Clear,Highway,Car
ACC0929,2024-06-24 11:24:48,12.174795,74.783371,Minor,Rainy,Highway,Bike
ACC0930,2024-02-08 17:03:31,8.544571,77.289954,Minor,Rainy,Highway,Bike
ACC0931,2025-01-16 03:18:26,11.364086,76.691628,Minor,Clear,Urban,Truck
ACC0932,2024-01-16 18:03:30,12.257889,77.492245,Severe,Clear,Urban,Car
ACC0933,2023-05-06 20:59:18,8.37448,77.245756,Minor,Clear,Highway,Car
ACC0934,2024-06-03 18:17:42,11.599762,77.002767,Minor,Clear,Rural,Car
ACC0935,2024-07-21 20:29:57,11.053427,76.247655,Minor,Rainy,Highway,Car
ACC0936,2023-04-17 04:17:32,8.973994,76.90879,Minor,Clear,Urban,Car
ACC0937,2023-07-31 03:19:24,9.60388,76.30323,Minor,Clear,Urban,Car
ACC0938,2023-09-26 01:19:37,11.827038,74.935699,Minor,Rainy,Urban,Bike
ACC0939,2024-08-19 14:58:39,10.168584,77.405989,Moderate,Clear,Highway,Car
ACC0940,2024-06-20 13:17:01,8.09625,77.332523,Minor,Clear,Highway,Car
ACC0941,2024-05-08 00:29:30,11.956332,75.870684,Minor,Clear,Highway,Car
ACC0942,2023-04-26 22:37:00,8.892803,75.917381,Minor,Clear,Highway,Car
ACC0943,2024-01-07 10:01:34,9.903565,76.172035,Moderate,Clear,Highway,Car
ACC0944,2023-03-19 12:19:39,9.911076,74.553355,Minor,Clear,Highway,Bus
ACC0945,2023-12-10 06:06:06,9.835709,75.991736,Minor,Rainy,Rural,Car
ACC0946,2023-12-08 09:20:30,10.974622,76.484323,Moderate,Rainy,Urban,Bike
ACC0947,2024-12-07 11:28:44,10.140429,76.435292,Minor,Clear,Urban,Bike
ACC0948,2024-02-15 07:33:48,11.068086,75.848446,Minor,Clear,Urban,Bike
ACC0949,2024-04-02 23:28:59,9.7736,75.105399,Minor,Rainy,Highway,Bike
ACC0950,2024-05-26 11:41:09,11.943585,75.831385,Minor,Rainy,Rural,Car
ACC0951,2024-03-20 08:02:13,9.289463,77.416779,Minor,Clear,Rural,Car
ACC0952,2024-05-13 18:10:16,11.822829,77.031005,Minor,Rainy,Highway,Bike
ACC0953,2024-12-05 23:46:07,11.574585,75.971435,Minor,Rainy,Highway,Bike
ACC0954,2023-04-23 09:05:48,9.533044,75.667481,Moderate,Clear,Rural,Car
ACC0955,2024-03-26 05:39:01,10.519285,75.240749,Severe,Rainy,Urban,Car
ACC0956,2023-04-24 14:44:08,8.852002,75.134562,Minor,Rainy,Highway,Car
ACC0957,2024-07-15 02:31:52,8.997487,75.159774,Severe,Foggy,Rural,Bus
ACC0958,2025-01-22 17:13:56,9.531014,75.454398,Severe,Rainy,Urban,Car
ACC0959,2024-11-22 21:46:14,8.736388,77.113511,Minor,Clear,Urban,Bike
ACC0960,2024-12-08 09:41:37,12.467665,76.53528,Moderate,Clear,Highway,Car
ACC0961,2024-12-01 18:00:42,8.867394,76.224267,Minor,Rainy,Highway,Car
ACC0962,2023-07-16 08:22:52,8.251272,77.433171,Moderate,Clear,Highway,Bike
ACC0963,2023-07-05 13:06:44,10.556938,76.942633,Moderate,Rainy,Rural,Truck
ACC0964,2024-09-13 00:31:19,11.557968,76.591419,Severe,Clear,Highway,Car
ACC0965,2023-07-30 18:32:48,11.191057,74.754278,Moderate,Clear,Highway,Car
ACC0966,2023-06-24 07:01:54,11.944185,77.056419,Severe,Clear,Rural,Bus
ACC0967,2024-09-29 20:24:47,12.346563,75.92059,Moderate,Clear,Highway,Car
ACC0968,2024-12-24 18:41:59,11.625937,74.527727,Minor,Clear,Urban,Car
ACC0969,2023-06-08 18:09:50,10.937101,74.863914,Minor,Clear,Rural,Car
ACC0970,2024-05-11 06:55:01,10.207068,74.722358,Minor,Clear,Highway,Car
ACC0971,2024-07-13 11:16:45,9.780411,76.373676,Severe,Rainy,Urban,Bike
ACC0972,2024-11-11 09:34:14,9.255771,74.983491,Minor,Clear,Urban,Car
ACC0973,2024-02-08 04:56:46,8.628972,76.250246,Severe,Clear,Highway,Bus
ACC0974,2024-10-24 08:34:33,10.359287,75.7248,Minor,Clear,Highway,Bus
ACC0975,2024-01-28 12:12:28,11.594371,75.271344,Moderate,Clear,Urban,Car
ACC0976,2024-04-06 07:37:42,9.030506,75.103235,Severe,Clear,Highway,Car
ACC0977,2024-09-13 09:05:27,10.992643,76.858001,Moderate,Clear,Urban,Car
ACC0978,2024-11-11 08:13:25,9.138322,76.550082,Moderate,Rainy,Urban,Car
ACC0979,2024-05-17 19:57:17,8.55294,75.264646,Moderate,Clear,Rural,Bike
ACC0980,2023-09-14 19:01:24,8.163135,77.068391,Minor,Rainy,Highway,Bike
ACC0981,2023-09-30 20:34:40,11.35955,76.914015,Moderate,Rainy,Urban,Car
ACC0982,2023-08-19 08:48:14,8.644389,76.173846,Minor,Clear,Highway,Bus
ACC0983,2023-03-20 06:57:22,12.024026,74.71059,Severe,Clear,Highway,Bike
ACC0984,2024-09-22 13:15:56,11.877347,74.952197,Minor,Clear,Highway,Car
ACC0985,2025-02-05 21:31:06,9.923368,76.097196,Moderate,Foggy,Urban,Truck
ACC0986,2024-02-13 14:28:07,11.182718,74.73929,Minor,Clear,Highway,Car
ACC0987,2024-12-27 05:24:25,8.157418,76.807694,Moderate,Foggy,Rural,Bike
ACC0988,2023-11-15 03:27:34,10.453561,76.796056,Moderate,Rainy,Highway,Bike
ACC0989,2023-07-22 19:42:13,8.900994,74.839662,Moderate,Clear,Highway,Truck
ACC0990,2023-11-08 19:18:06,9.277308,74.857899,Minor,Clear,Urban,Car
ACC0991,2024-02-07 19:02:03,12.120611,75.993814,Minor,Rainy,Highway,Car
ACC0992,2024-06-01 07:22:39,11.556869,77.248813,Minor,Clear,Urban,Truck
ACC0993,2024-01-15 15:46:41,9.14453,76.817579,Minor,Clear,Rural,Car
ACC0994,2024-12-14 22:29:33,11.687471,75.327768,Minor,Clear,Urban,Car
ACC0995,2024-06-08 10:48:29,8.289687,74.798983,Minor,Rainy,Rural,Car
ACC0996,2025-01-07 05:37:08,9.299732,75.727023,Minor,Clear,Highway,Car
ACC0997,2024-09-21 07:58:08,8.853634,75.513562,Minor,Clear,Rural,Car
ACC0998,2023-08-22 10:36:55,11.026919,76.266075,Minor,Rainy,Urban,Bus
ACC0999,2023-12-25 00:49:06,11.467202,77.397851,Minor,Clear,Urban,Bus
ACC1000,2023-09-25 22:40:54,11.594171,75.131937,Minor,Clear,Highway,Truck
